Creative Designer,Skill-eD,"Able to design creatives on different software and for different platforms.
Need to have a good creative mind to be able to visualise certain concepts and shape…"
Operations Executive-RAO,HDFC Bank,Ensure that agreed control processes and procedure are implemented to identify and mitigate risks in his/her area of responsibility.
System Administrator,Glowsun India Labs PVT ltd,"We need candidates who have hands on Computer, Ms Offoce...
Job Types: Full-time, Part-time.
Salary: ₹120,000.00 to ₹150,000.00 /year."
Data Entry,"Onlinedataentry,In","Apart from this business, we own and operate a string of online and offline businesses, many of them having an international presence."
Freshers Job For Multiprofile- Apply Now,NIJ LTD.,Our team offers high quality services to provide the best outcomes in the recruitment and employment of personnel from a diverse set of business sector.
Hiring For/Data Entry /Back office Executive /Computer operator,Higher Placement Consultancy,"Sometimes referred to as a data entry operator, data entry specialist, data entry clerk or an information processing worker these are the common data entry…"
Office Assistant,Omkar Outsourcing Pvt Ltd,"In order for you to be selected as a candidate, you will need the ability to write clearly and be proficient with word processing applications."
Legal Advisor,Pearl Organisation,"He/she should be an excellent team player with the ability to prioritize work, especially when some deadlines need to be met.
1+ yr experience in the law field."
Internship in film making,Studio Underground,"3.Should know the basics of Video editing software.
Handling field coverage, Editing Pictures Perks: 1.
Salary: ₹2,500.00 to ₹3,500.00 /month."
Junior Assistant cum Computer Data Entry Operator,Uttarkhand Subordinate Service Selection Commissio...,"Uttarkhand Subordinate Service Selection Commission (UKSSSC) is inviting applications from suitable persons.
Junior Assistant cum Computer Data Entry Operator."
Admission Officer,IMS Unison University,"Candidate will be responsible for counselling, approaching and corresponding with potential students, giving presentations at high schools, or creating…"
Junior Assistant cum Computer Data Entry Operator,Uttarkhand Subordinate Service Selection Commissio...,"Uttarkhand Subordinate Service Selection Commission (UKSSSC) is inviting applications from suitable persons.
Junior Assistant cum Computer Data Entry Operator."
3D Visualiser,shell design,"Salary: ₹10,000.00 to ₹15,000.00 /month.
A 3D designer who is good at architecture modeling.
Having experience of at least 1 or 2 years."
Digital Media Executive,pearl institute of financial market,"Who has good Knowledge of Corel draw, Photoshop;
Advertise designing and posting on social media.
Total work: 1 year (Preferred)."
RM - Private Banking,HDFC Bank,"Slabs: 55, 75 , 100 Lacs TPP and Banking Targets Individual PBG Targets across TPP (40%) Ensure targets given at absolute level are met (measured by achievement…"
Executive Trainee,THDC India Limited,11 The mere fact that a candidate has submitted the application against the advertisement and apparently fulfilling the criteria as prescribed in the…
Delivery Boy / Bike Rider,Rapido Bike Taxi,"Bike (In case if you do not have Bike, you can rent a two wheeler and do pick & drop).
Potential to earn for Full time / Part-time / Night shift / Weekend : Up…"
HTML/ Website designer | Fresher.,Pearl Organisation,"0 - 1 years web design experience.
Salary: ₹8,000.00 to ₹13,000.00 /month.
Immediate Hiring | Web designers for our growing organisation |2 weeks Training will…"
Trainer ( Aptitude & Soft Skill),DIT University,"Graduate with 2-3 years of experience in Aptitude Training (Verbal, Reasoning / Quantitative) preferably in Coaching Institutes."
Officer Sales-SA,Axis Bank,"The Liability Sales department focuses on the liability acquisition, assets and retail forex business for the bank.
RB-LS: Officer Sales-SA."
Customer Service Executive-RAO,HDFC Bank,"To meet the agreed TATs ( as per SLA document) for all customer service like Foreclosures, issuance of NOCs and other activities of CSD To ensure that…"
HTML/ Website designer | Fresher.,Pearl Organisation,"0 - 1 years web design experience.
Salary: ₹8,000.00 to ₹13,000.00 /month.
Immediate Hiring | Web designers for our growing organisation |2 weeks Training will…"
Supervisors,Panjwani Architects,"Experience of 1-3 years in similar capacity is desirable but not essential.
Tech in Civil, Mechanical and Electrical are required for the post of site…"
Professor,UKMSSB,"To Apply for the job posting from UKMSSB, please click on the Apply Now button below.
UKMSSB Recruitment 2020: Recruitment for Professor - 2,18,200 Salary -…"
Forestry,Doon Business School,"Candidate with in depth knowledge in Silviculture, Forest survey & Engineering, Medicinal and aromatic plants, Forest Pathology, Forest Economics, and Tree seed…"
Maintenance Technician,Haut Monde Wellness,"Assist in carrying out ongoing preventative maintenance programs.
Salary: ₹10,000.00 to ₹14,000.00 /month.
Checks and ensures the smooth flow of sewage water…"
Chat support agent & digital marketer,Zokovia,"Has a diploma or graduation in any field related to IT or computers.
Additional skills which will give you an advantage.*.
Basic knowledge of online marketing."
RBB-PBA/TA-Service,HDFC Bank,Supervisory Responsibility: Supervise & monitor Personal Banker desks and contract sales staff Branch administration Lobby Management Ensure quality customer…
Restaurant Waiter/Waitress,Haut Monde Wellness,"Salary: ₹9,000.00 to ₹13,000.00 /month.
Close the shift on the POS terminal.
Maintaining proper dining experience, delivering items, fulfilling customer needs,…"
Multiple Profile Hiring Fresher Trainee- Apply Now,Nanu India,Our team offers high quality services to provide the best outcomes in the recruitment and employment of personnel from a diverse set of business sector.
Biology Faculty,MCI-IITJEE,"Building rapport with students so that they feel comfortable and safe discussing sensitive topics in class.
To be successful as a Biology Teacher, you should be…"
Legal Officer,DIT University,"Graduate in Law with min. 5 yrs of relevant experience.
Will be responsible for monitoring all legal affairs of the University."
SEO Executive,Pearl Organisation,"We are looking for an SEO/SEM expert to manage all search engine optimization and marketing activities.
Salary: ₹15,000.00 to ₹25,000.00 /month."
Faculty for English Language,Kukreja Institute of Hotel Management & Catering T...,Faculty for English Language: Candidates having excellent command in English language with at least 3 years of teaching English language.
Organization Behavior,Doon Business School,"Conceptual Foundation of Organizational Behavior, Nature and Characteristics, Determinants, Contributing Disciplines, Challenges and Opportunities for…"
CTO (Chief Technology Officer),pearlorganisation,The ideal applicant will have an organized and creative mindset that drives him or her to find innovative solutions to common problems.
Trainer ( Aptitude & Soft Skill),DIT University,"Graduate with 2-3 years of experience in Aptitude Training (Verbal, Reasoning / Quantitative) preferably in Coaching Institutes."
Interior Designers,Panjwani Architects,Interior Designers with experience in the field of 3D Interior Designing are required for full / part time jobs.
Physical Education Teacher required urgently,MCI-IITJEE,"Interested Candidates Can forward they updated Resume and call for below mentioned contact number.
Salary: ₹15,000- 30,000/- per month."
Sports,Selaqui International School,"Providing swimming lessors for boys and girls in the swimming season.
Must be a certified swimming coach or a national level swimmer."
Biology Faculty,MCI-IITJEE,"Building rapport with students so that they feel comfortable and safe discussing sensitive topics in class.
To be successful as a Biology Teacher, you should be…"
SEO Executive,Pearl Organisation,"We are looking for an SEO/SEM expert to manage all search engine optimization and marketing activities.
Salary: ₹15,000.00 to ₹25,000.00 /month."
Professor,UKMSSB,"To Apply for the job posting from UKMSSB, please click on the Apply Now button below.
UKMSSB Recruitment 2020: Recruitment for Professor - 2,18,200 Salary -…"
Advertising & Luxury Brand,Doon Business School,"Candidate with in depth knowledge in Market Segmentation , Market Positioning, Advertising Objectives ,Consumer Advertising, Business to Business Advertising,…"
Executive Assistant,Schematics Mining Private Limited,"3 to 5 Year of experience in administrative position is desirable.
Salary: ₹12,000.00 to ₹20,000.00 /month.
Strong Analytical and presentation skills will be a…"
Sports,Selaqui International School,"The job will require working with school girls and junior boys from 3:30 to 5:30 pm.
Must be a trained soccer coach with either certification from NIS or should…"
Customer Relationship Executive - Affordable Housing Finance,TATA Capital,Ensure high customer satisfaction level by proactively understanding customer needs and cross- sell multiple products as per the requirements.
Content Writers,IT Bytes,"Content writers required with 3 to 5 years of experience.
Good experience of content writing for websites.
Good experience of technical content writing."
Economics,Doon Business School,"Provide guidance to develop content on subjects so that it could be visualized more.
Design and develop innovative ways to enhance knowledge retention level…"
Data Entry Operator/ Jr. Assistant Cum Data Entry Operator,Uttarkhand Subordinate Service Selection Commissio...,"Uttarkhand Subordinate Service Selection Commission (UKSSSC) is inviting applications from suitable persons.
Age Limit: 18-42 years."
Associate Professor,UKMSSB,"To Apply for the job posting from UKMSSB, please click on the Apply Now button below.
UKMSSB Vacancy 2020: Apply for Associate Professor Vacancies - 2,14,100…"
RBB-RM Service,HDFC Bank,Promoting all direct banking channels and ensuring that the customer is utilizing the same Ensuring that customers are introduced to the RBH / BM and PSO (PBA…
Project Associate-I,CSIR - Indian Institute of Petroleum,"Desirable Qualification: At least one year hands on working experience in R&D, hospital/pathology, Knowledge of molecular biology techniques."
Laboratory Assistant,CSIR - Indian Institute of Petroleum,"B.Sc. OR 3 Years Diploma in Biotechnology/ Microbiology/Virology/Medical laboratory technology from a recognized university.
Education:B.Sc. OR 3 Years Diploma."
Enterprise Sales Officer A,Reliance Jio Infocomm Limited,"Understanding of technology product and solutions.
Create sales funnel and ensure account penetration.
Interact with customer and network installation team for…"
Internship – Video Making & Editing,SankalpTaru,"To apply, please mail us your resume at.
1 Month full time internship on video making and editing.
Working on audio mixing & video editing."
GM QC,Windlas Healthcare Pvt Ltd.,"Independently handle the regulatory audits , actively working in regulatory audit observation and design & complete the regulatory response CAPA development and…"
Associate Professor,AIIMS Rishikesh,"Based on bio-data, Selection Committee may short-list candidates for interview Candidates called for interview will have to produce all relevant original…"
Marketing Executive,Wingln Staffing Solutions Pvt Ltd,"Client communication,client handling,searching and approaching candidates /companies through job portals.
Keywords Marketing Executive,Client handling,Sales."
Customer Service Executive-RAO,HDFC Bank,"To meet the agreed TATs ( as per SLA document) for all customer service like Foreclosures, issuance of NOCs and other activities of CSD To ensure that…"
Business Law,Doon Business School,"Laws of Contract, The Sale of Goods Act, The Negotiable Instruments Act, The Consumer Protection Act, The Competition Act, The Companies Act,etc."
Marketing,Varchasv Corporate Advisors,"Candidate should be Local City.
He should be well-known about local Market In commercial ,industrial ,Traders Retailors Market.
He should have own two wheeler."
Sr. RM - Private Banking,HDFC Bank,"Job Responsibilities(JR) : 6 8 Areas Actionable (4-6) Slab 150, 250 and 350 Lacs TPP Target slab and additional Banking target Individual PBG Targets across TPP…"
GM QC,Windlas Healthcare Pvt Ltd.,"Independently handle the regulatory audits , actively working in regulatory audit observation and design & complete the regulatory response CAPA development and…"
Counselor (F),Kukreja Institute of Hotel Management & Catering T...,Counselor (F): Candidate with 5 to 8 years of experience in Public relations/counseling with excellent Presentation & Communication Skills.
US IT RECRUITER,V3iT,"Consistently updating internal systems to reflect opportunities, current client information, activity records and interview summaries."
Store Sales Executive,Firstcry.com,"Helps customer make selections by building customer confidence; offering suggestions and opinions.
Salary: ₹10,000.00 to ₹12,000.00 /month."
Associate Professor,AIIMS Rishikesh,"Based on bio-data, Selection Committee may short-list candidates for interview Candidates called for interview will have to produce all relevant original…"
Client Relationship Officer,Bajaj capital ltd,"To take 5 references from each walk in client and work towards calling them in the venue.
This job is responsible for giving presentation to walk-in venue…"
Customer Service Executive-RAO,HDFC Bank,"To meet the agreed TATs ( as per SLA document) for all customer service like Foreclosures, issuance of NOCs and other activities of CSD To ensure that…"
Marketing,Varchasv Corporate Advisors,"Candidate should be Local City.
He should be well-known about local Market In commercial ,industrial ,Traders Retailors Market.
He should have own two wheeler."
Economics,Selaqui International School,"Experience of teaching in a boarding school will be an added advantage.
The work load will include teaching Economics to classes 11th and 12th."
Receptionists/Front desk Executive (01 Opening),AMRITSAR EYE CLINIC,"Any Graduate and basic diploma in Computer with good communication skills, experience in public dealing, cash handling, can process billing by computer software…"
SALES PROFESSIONALS,sikka,"Should possess excellent sales capabilities, creativity in sales techniques and marketing schemes with good Communication skill."
Sales & Marketing,M/s Lucky Traders,"Salary: ₹10,000.00 to ₹15,000.00 /month.
We are looking for a experienced marketing manager who can explore the market to the fullest and can be responsible for…"
Draughts Person,Panjwani Architects,"Experience of 1-3 years in similar capacity is essential.
Draughts persons are required with knowledge of 3D Drawings and computer software knowledge."
Sr. RM - Private Banking,HDFC Bank,"Job Responsibilities(JR) : 6 8 Areas Actionable (4-6) Slab 150, 250 and 350 Lacs TPP Target slab and additional Banking target Individual PBG Targets across TPP…"
Lab Assistant (M),Kukreja Institute of Hotel Management & Catering T...,Lab Assistant (M): For Food Production Lab: Candidate should be a diploma holder in Food Production with minimum 5 years of industry experience.
Maintenance Technician,Haut Monde Wellness,"Assist in carrying out ongoing preventative maintenance programs.
Salary: ₹10,000.00 to ₹14,000.00 /month.
Checks and ensures the smooth flow of sewage water…"
Restaurant Waiter/Waitress,Haut Monde Wellness,"Salary: ₹9,000.00 to ₹13,000.00 /month.
Close the shift on the POS terminal.
Maintaining proper dining experience, delivering items, fulfilling customer needs,…"
State Coordinator,DareDevil Services,"Salary 3 Lac 50 Thousand To 6 Lac 50 Thousand P.A.
We are Looking State Coordinator for Anti Viral Drop for all Over India (a Govt Project)."
Faculty for English Language,Kukreja Institute of Hotel Management & Catering T...,Faculty for English Language: Candidates having excellent command in English language with at least 3 years of teaching English language.
Web Designer Dehradun,Inside Softwares,"Desired candidate should have strong HTML, CSS, Bootstrap, jQuery skills with familiarity with the latest graphics editing software."
Counselor (F),Kukreja Institute of Hotel Management & Catering T...,Counselor (F): Candidate with 5 to 8 years of experience in Public relations/counseling with excellent Presentation & Communication Skills.
Store Sales Executive,Firstcry.com,"Helps customer make selections by building customer confidence; offering suggestions and opinions.
Salary: ₹10,000.00 to ₹12,000.00 /month."
International Business,Doon Business School,"Good teaching experience along with Industry experience will be preferred.
In depth knowledge of Exim.
Policy, Trade Logistics, Documentation process, Theories…"
Graphic Designer,Webgear Techno Services,"Industry: Advertising / PR / MR / Event Management.
Functional Area: Marketing, Advertising, MR, PR, Media Planning."
Architects,Panjwani Architects,Architects with 2-3 years of experience holding a graduate / post graduate degree from a reputed institute are required.
Digital Marketing Executive,IMS Unison University,"Graduate/Master's Degree/ Professional Qualification in relevant discipline.
At least 4+ years of experience in managing the digital marketing in University …"
Account Executive,Ramsons perfumes,"Manage multiple accounts, ensuring that a high level of customer retention and satisfaction is maintained.
Salary: ₹15,000.00 to ₹17,000.00 /month."
Chemistry Lecturer,MCI-IITJEE,It would be very convenient if the teacher is compatible with our integrated curriculum which is a combination of board syllabus as well as competitive exam…
Business Executive Vehicle Finance,Varchasv Corporate Advisors,"He will responsible for achieve month on month targets.
He should be well-known about vehicle finance industry.
Dehradun , Roorkee,Hardwar,Selaqui,Vikas Nagar."
IELTS Teacher,IELTS Band 7,"Require outstanding communication in English language.
Should have command over written, listening, reading, speaking and grammar as per IELTS."
Business Executive Mortgagaes,Varchasv Corporate Advisors,"To understand client’s needs & requirements and accordingly products & services.
Will make a strong network of business entrepreneurs in posted area location."
International Business,Doon Business School,"Good teaching experience along with Industry experience will be preferred.
In depth knowledge of Exim.
Policy, Trade Logistics, Documentation process, Theories…"
Sales and Marketing Executive,Pearl Organisation,"Salary: ₹12,000.00 to ₹20,000.00 /month.
Must have excellent communication skills.
Must have excellent email writing skills.
Pitching products and/or services."
State Coordinator,DareDevil Services,"Salary 3 Lac 50 Thousand To 6 Lac 50 Thousand P.A.
We are Looking State Coordinator for Anti Viral Drop for all Over India (a Govt Project)."
Marketing Executive ( Trainee ),Varchasv Corporate Advisors,"Graduate Trainee & Marketing Executive ( Channel Development ).
4 Fresher ,1 Year Graduate.
Candidate should be Local City.
He should have own two wheeler."
SALES PROFESSIONALS,sikka,"Should possess excellent sales capabilities, creativity in sales techniques and marketing schemes with good Communication skill."
Associate - Sales Support (CFD),TATA Capital,To identify training needs of the directs sales team and ensure that the direct sales team trained on all products policies as well as behavioral skills.
Executive - Costing Department,Windlas Biotech Pvt. Ltd.,"We are looking for an executive for our Costing Department.
Understanding of DPCO norms for levying manufacturing charges."
Trainee & Sales Executive,Varchasv Corporate Advisors,"Candidate can be Insurance Sector, Micro finance Sector.
Candidate should be a self-motivator.
He will responsible for Describe Card Benefits to customer."
Sales Calling executives,ileads Auxiliary Services,"Strong will to learn more and motivated by a fast-paced and international working environment;
A service-minded, proactive and positive attitude."
Digital Marketing Executive,IMS Unison University,"Graduate/Master's Degree/ Professional Qualification in relevant discipline.
At least 4+ years of experience in managing the digital marketing in University …"
Sr. RM - Private Banking,HDFC Bank,"Job Responsibilities(JR) : 6 8 Areas Actionable (4-6) Slab 150, 250 and 350 Lacs TPP Target slab and additional Banking target Individual PBG Targets across TPP…"
CAD Designer,Panjwani Architects,"Experience of 1-3 years is desirable.
Male / Female candidates are required for the post of CAD Designer.
Computer Software Knowledge of Autocad is essential."
Mathematics teacher required,MCI-IITJEE,"Who are excited to join our Institution after lock down and are driven to provide education at an exceptional level.
Salary: ₹15,000.00 to ₹30,000.00 /month."
Sales Assistant,Online Doon,"Responsible for meeting clients and selling business.
Source potential clients and establish/maintain a good work relationship.
Graduate from a reputed college."
Mathematics,Selaqui International School,"Experience of IB board will be an added advantage.
Interest in sports and hobbies will be an added advantages."
Graphic Designer & Video Editor,Pearl Organisation,"Hiring New Talent for our IT company, female candidates will be preferred.
Think creatively and develop excellent design concepts, graphics, layouts, and…"
IELTS Teacher,IELTS Band 7,"Require outstanding communication in English language.
Should have command over written, listening, reading, speaking and grammar as per IELTS."
MARKETING EXECUTIVE,V3iT,"Skills: Marketing experience with focus on IT industry.
Salary: As per industry standards.
Market / Brand Awareness creation - through campaigns, AdWords,…"
Graphic Designer & Video Editor,Pearl Organisation,"Hiring New Talent for our IT company, female candidates will be preferred.
Think creatively and develop excellent design concepts, graphics, layouts, and…"
Executive - Costing Department,Windlas Biotech Pvt. Ltd.,"We are looking for an executive for our Costing Department.
Understanding of DPCO norms for levying manufacturing charges."
Sales and Marketing Executive,Pearl Organisation,"Salary: ₹12,000.00 to ₹20,000.00 /month.
Must have excellent communication skills.
Must have excellent email writing skills.
Pitching products and/or services."
Sales Assistant,Online Doon,"Responsible for meeting clients and selling business.
Source potential clients and establish/maintain a good work relationship.
Graduate from a reputed college."
Graphic design intern,ETechDreams Solutions LLP,"Looking for candidates who can come onboard with a startup team, learn quickly and take up responsibility to grow further with the organization in long run."
Marketing Executive (Fresher/Experienced),Logic Soft Technology,"We are looking for a Marketing Executive who must have strong communication skill.
Please send your latest resume to hr@way2logic.com."
Sales & Marketing Executive,SONDHI ENTERPRISES,"We are looking for energetic Experienced/ MBA fresher for sales & marketing of waterproofing treatments & products .
Salary: ₹100,000.00 to ₹150,000.00 /year."
Web Designer,Okike Digital Solutions,"We’re looking for a web designer who will be working with our internal web team on a variety of projects primarily involved in website design and development,…"
Commis 2/3 - Pantry/Gardemanger,Haut Monde Wellness,"Ensures that assigned work area has proper level of par stocks and supplies according to daily production sheets (based on house count), daily menus and…"
Marketing Executive,Sondhi enterprises,"Salary: ₹8,000.00 to ₹10,000.00 /month.
He should be qualified and representable.
He should have good communication skills.
Total work: 1 year (Preferred)."
Faculty for IT Deptt,Kukreja Institute of Hotel Management & Catering T...,"Candidates with 2-3 years of teaching experience will be preferred.
: Should be able to teach either of the following subjects:"
Graphic Designer,SankalpTaru,"To apply, please mail us your resume at.
Looking for a candidate proficient with design software and technologies, such as InDesign, Illustrator, Dreamweaver,…"
Marketing,Startups journey,"Will be responsible to convince our sponsors for our service.
Providing each details about our services to sponsors.
Job Type : Full time Job."
Assistant Professor,AIIMS Rishikesh,"Based on bio-data, Selection Committee may short-list candidates for interview Candidates called for interview will have to produce all relevant original…"
Web Designer | only female.,Pearl Organisation,"Dear all, we are Hiring freshers BCA/MCA/Btech (pursuing can apply).
0 - 1 years web design experience.
Salary: ₹8,000.00 to ₹15,000.00 /month."
Sales & Marketing Executive,Okike Digital Solutions,"Contributes information, ideas, and research to help develop marketing strategies.
Skills:Communication Skill, English Spoken Skill, Internet, MS-Excel."
ASSISTANT PROFESSOR,IMS Unison University,Minimum 3 years of Teaching/ Industry/ Research Organizations/ Professional at Managerial level excluding the period spent on obtaining the research degree.
Web Designer (Fresher/Experienced),Logic Soft Technology,"Good understanding of client-side scripting and JavaScript frameworks, including jQuery.
We are looking for a Web Designer who is having strong knowledge in…"
Web Designer | Female.,Pearl Organisation,"0 - 1 years web design experience.
Logo Design, Graphic Design, Website Design, Web Development, website builder, website , web page, web designer, create a…"
Graphic Designer,SankalpTaru,"To apply, please mail us your resume at.
Looking for a candidate proficient with design software and technologies, such as InDesign, Illustrator, Dreamweaver,…"
Assistant Professor,DIT University,Interested candidates may send their CV’s on careers@dituniversity.edu.in (please mention the post applied in the subject line of your email).
Project Associate,The Wildlife Institute of India (WII),Desirable Qualification: Preference will be given to the candidate having working experience in Ecological economics/Environmental accounting/RS & GIS related…
Marketing Executive,Sondhi enterprises,"Salary: ₹8,000.00 to ₹10,000.00 /month.
He should be qualified and representable.
He should have good communication skills.
Total work: 1 year (Preferred)."
Costing Executive for Pharma Industry,Nisvan HR Solution Pvt Ltd,"Salary: ₹25,000.00 to ₹35,000.00 /month.
Preparing quotations and cross check the quotations and price calculation of all customer jobs."
Sales & Marketing Executive,Okike Digital Solutions,"Contributes information, ideas, and research to help develop marketing strategies.
Skills:Communication Skill, English Spoken Skill, Internet, MS-Excel."
Digital Marketing Executive Required,Okike Digital Solutions,"We are looking for a highly skilled SEO / SMO Executive who has prior experience working on SEO & SMO to promote business Domestic and internationally, he/she…"
INSIDE SALES EXECUTIVE,V3iT,"Review public information (new executive appointments, earnings statements, press releases) and its competitors to remain updated on key industry trends and…"
Statistics & Data Analytics,Doon Business School,Must have intense knowledge of the subject and its integration with allied subjects for promoting holistic learning through projects and case studies.
Lab Assistant (M): For F&B Lab,Kukreja Institute of Hotel Management & Catering T...,Lab Assistant (M): For F&B Lab: Candidate should be a diploma holder in F&B with minimum 5 years of industry experience.
Graphic design intern,ETechDreams Solutions LLP,"Looking for candidates who can come onboard with a startup team, learn quickly and take up responsibility to grow further with the organization in long run."
International Marketing,Fogla Corp,Qualification : MBA – International Marketing | Experience : 5 - 8 Yrs | Location : KOL.
Sales & Marketing Executive,Okike Digital Solutions,"Contributes information, ideas, and research to help develop marketing strategies.
Skills:Communication Skill, English Spoken Skill, Internet, MS-Excel."
INSIDE SALES EXECUTIVE,V3iT,"Review public information (new executive appointments, earnings statements, press releases) and its competitors to remain updated on key industry trends and…"
QA (QMS)-Sr. Executive For Pharma Industry,Nisvan HR Solution Pvt Ltd,"Handing and investigating QMS Document related to quality control department like laboratory incident, deviation, OOS, OOT, OOC, change control."
Marketing,Startups journey,"Will be responsible to convince our sponsors for our service.
Providing each details about our services to sponsors.
Job Type : Full time Job."
Beautician,SPA LOUNGE,"Locality- Rajpur, Rajpur Road, Jakhan-Rajpur Road.
Address Proof- Aadhaar Card,Voter ID Card,PAN Card.
Photo ID Proof- Aadhaar Card,Voter ID Card."
Lab Assistant (M),Kukreja Institute of Hotel Management & Catering T...,Lab Assistant (M): For Food Production Lab: Candidate should be a diploma holder in Food Production with minimum 5 years of industry experience.
Marketing Executive,Sondhi enterprises,"Salary: ₹8,000.00 to ₹10,000.00 /month.
He should be qualified and representable.
He should have good communication skills.
Total work: 1 year (Preferred)."
Yoga practitioner,Vana Enterprises,"3 + years of relevant experience.
Bachelor’s/Master’s in Yoga.
Additional qualification CAM or traditional healing systems."
Project Associate,The Wildlife Institute of India (WII),Desirable Qualification: Preference will be given to the candidate having working experience in Ecological economics/Environmental accounting/RS & GIS related…
Professor,DIT University,"In addition to the above, they should have experience of guiding project works/ dissertation of PG/ Research students or supervising R&D projects in industry."
Beautician,SPA LOUNGE,"Locality- Rajpur, Rajpur Road, Jakhan-Rajpur Road.
Address Proof- Aadhaar Card,Voter ID Card,PAN Card.
Photo ID Proof- Aadhaar Card,Voter ID Card."
PGT Physics faculty required,MCI-IITJEE,"Provide a variety of learning materials and resources for use in educational activities.
Salary: ₹15,000.00 to ₹30,000.00 /month.
Temporarily due to COVID-19."
Sr. SALES EXECUTIVE,Manpowerindia.com,"Handle customer Enquiries, Negotiate with them and finalize the.
Follow up the leads, customer Enquiries and convert it in to orders."
Faculty for French Language,Kukreja Institute of Hotel Management & Catering T...,"Faculty for French Language: Should be Certificate/ Diploma holder in French language.
Prior experience in teaching will be preferred."
Associate Professor,DIT University,Minimum 8 years of experience of Teaching/Industry/ Research Organisations/Professional at Managerial level excluding the period spent on obtaining the research…
Physiotherapist for Home Visit,Ennowea,"To deliver outstanding Physio care guided by an evidence-based care plan and ethical practices.
Prior experience in home healthcare will be an added advantage."
Commis Chef,Haut Monde Wellness,To be present in the assigned kitchen as and when required and also an internal transfer after 2-3 months in others as per management policy.
Project Biologists,The Wildlife Institute of India (WII),Desirable Qualification: Preference will be given to the candidate having working experience in Ecological economics/Environmental accounting/RS & GIS related…
Associate Professor,DIT University,Minimum 8 years of experience of Teaching/Industry/ Research Organisations/Professional at Managerial level excluding the period spent on obtaining the research…
Yoga practitioner,Vana Enterprises,"3 + years of relevant experience.
Bachelor’s/Master’s in Yoga.
Additional qualification CAM or traditional healing systems."
Web Designer,Okike Digital Solutions,"We’re looking for a web designer who will be working with our internal web team on a variety of projects primarily involved in website design and development,…"
Sr. SALES EXECUTIVE,Manpowerindia.com,"Handle customer Enquiries, Negotiate with them and finalize the.
Follow up the leads, customer Enquiries and convert it in to orders."
Beautician,SPA LOUNGE,"Locality- Rajpur, Rajpur Road, Jakhan-Rajpur Road.
Address Proof- Aadhaar Card,Voter ID Card,PAN Card.
Photo ID Proof- Aadhaar Card,Voter ID Card."
Field cum lab assistants,The Wildlife Institute of India (WII),Desirable Qualification: Preference will be given to the candidate having specialization in Ecological economics/Environmental accounting/RS & GIS related…
Commis Chef,Haut Monde Wellness,To be present in the assigned kitchen as and when required and also an internal transfer after 2-3 months in others as per management policy.
Assistant Professor - Mathematics (Statistics),DIT University,Interested candidates may send their CV’s on careers@dituniversity.edu.in (please mention the post applied in the subject line of your email).
"Openings for Radiologist,ENT,Gynaecologist",Ambiguous Solutions,"Share your CV on this email id prachi@ambiguous.in, Or call us on this no +91-8178991805.
Experience 1-3 yr, Salary – Negotiable."
Faculty for French Language,Kukreja Institute of Hotel Management & Catering T...,"Faculty for French Language: Should be Certificate/ Diploma holder in French language.
Prior experience in teaching will be preferred."
Physiotherapist for Home Visit,Ennowea,"To deliver outstanding Physio care guided by an evidence-based care plan and ethical practices.
Prior experience in home healthcare will be an added advantage."
Insurance Advisor,Emerging Platforms,"Interested candidates can call/whatsapp at 7814973753.
Candidate should have experience in Sales and that too in BFSI Channel.
Male/Female both are eligible."
Field Sales Executive| Visionary Venture Capital Firm,Unnati,"Our client is a venture capital firm that invests in promising early-stage startups and is backed by an established parent company.
What you need to have:"
Associate Professor Medical Physician,UKMSSB,"To Apply for the job posting from UKMSSB, please click on the Apply Now button below.
UKMSSB Recruitment 2020: pply for Associate Professor Medical Physician…"
Faculty for French Language,Kukreja Institute of Hotel Management & Catering T...,"Faculty for French Language: Should be Certificate/ Diploma holder in French language.
Prior experience in teaching will be preferred."
Field cum lab assistants,The Wildlife Institute of India (WII),Desirable Qualification: Preference will be given to the candidate having specialization in Ecological economics/Environmental accounting/RS & GIS related…
Physiotherapist for Home Visit,Ennowea,"To deliver outstanding Physio care guided by an evidence-based care plan and ethical practices.
Prior experience in home healthcare will be an added advantage."
Restaurant Captain,Alliance Recruitment Agency,"Industry Background / Previous industry experience: Hotels & Restaurants.
Industry Background / Previous industry experience: Hotels & Restaurants."
Assistant Professor - Mathematics (Statistics),DIT University,Interested candidates may send their CV’s on careers@dituniversity.edu.in (please mention the post applied in the subject line of your email).
Commis Chef,Haut Monde Wellness,To be present in the assigned kitchen as and when required and also an internal transfer after 2-3 months in others as per management policy.
Insurance Advisor,Emerging Platforms,"Interested candidates can call/whatsapp at 7814973753.
Candidate should have experience in Sales and that too in BFSI Channel.
Male/Female both are eligible."
Field Sales Executive| Visionary Venture Capital Firm,Unnati,"Our client is a venture capital firm that invests in promising early-stage startups and is backed by an established parent company.
What you need to have:"
Associate Professor Medical Physician,UKMSSB,"To Apply for the job posting from UKMSSB, please click on the Apply Now button below.
UKMSSB Recruitment 2020: pply for Associate Professor Medical Physician…"
"Openings for Radiologist,ENT,Gynaecologist",Ambiguous Solutions,"Share your CV on this email id prachi@ambiguous.in, Or call us on this no +91-8178991805.
Experience 1-3 yr, Salary – Negotiable."
