Time,Username,Text
2015-04-13 08:20:36,Uttarakhand_Job,RT @uttarakhand: कुछ ही दिनों मे अतिथि शिक्षकों की भर्ती के आवेदन निकलने वालें हैं |  उत्तराखंड शिक्षा विभाग ने लगभग 10000... http://t.co/U…
2015-04-13 08:20:29,Uttarakhand_Job,RT @uttarakhand: UKPSC ने 578 कनिष्ठ अभियंताओं की रिक्तियाँ निकाली हैं !!!  उत्तराखंड के डिप्लोमाधारी सभी रिक्तियों के लिए 22... http://t.c…
2015-04-13 08:20:15,Uttarakhand_Job,"RT @uttarakhand: Logistic, Education, ATC Officer Recruitment in Indian Navy: Indian Navy invites applications from unmarried M... http://t…"
2015-04-13 08:19:18,Uttarakhand_Job,RT @uttarakhand: UTET 2015 Exam Date in Uttarakhand: Uttarakhand Vidhyaleye Shiksha Parishad or Uttarakhand Board of School Edu... http://t…
2015-04-13 08:19:13,Uttarakhand_Job,RT @uttarakhand: Probationary Officers (PO) Recruitment in SBI: State Bank of India SBI has invited applications from eligible ... http://t…
2015-04-13 08:19:09,Uttarakhand_Job,"RT @uttarakhand: UKPSC Civil Judge – JD Pre Exam 2014 Result: Uttarakhand Public Service Commission, Gurukul Kangri, Haridwar h... http://t…"
2015-02-26 08:36:09,Uttarakhand_Job,RT @uttarakhand: UTET 2015 Online Application Correction: Uttarakhand Vidhyaleye Shiksha Parishad or Uttarakhand Board of Schoo... http://t…
2015-02-26 08:36:03,Uttarakhand_Job,RT @uttarakhand: Executive Trainee (Law) Vacancy in THDC: Tehri Hydro Development Corporation (THDC) India Limited invites appl... http://t…
2015-02-25 12:21:20,Uttarakhand_Job,RT @uttarakhand: Uttarakhand Excise Department Recruitment - Assistant Accountants &amp; Junior Auditor !!!  समूह ग की रिक्तियाँ... http://t.co…
2015-02-25 12:21:08,Uttarakhand_Job,RT @uttarakhand: Find your better half at eUttaranchal Matrimonial. Register FREE (**Only for the Natives of Uttarakhand) http://t.co/SNVWD…
2015-02-25 05:51:57,Uttarakhand_Job,RT @uttarakhand: Project Research Fellow Vacancy in ARIES Nainital: Aryabhatta Research Institute of observational sciences (AR... http://t…
2015-02-25 05:51:52,Uttarakhand_Job,"RT @uttarakhand: Finance Executive Vacancy in NTPC: National Thermal Power Corporation Limited (NTPC), has released an advertis... http://t…"
2015-02-24 09:33:15,Uttarakhand_Job,RT @uttarakhand: अब टीचर बनना हुआ आसान !!!  CTET और TET अनिवार्य नहीं .... http://t.co/YAY8qmKoXP
2015-02-24 09:33:10,Uttarakhand_Job,RT @uttarakhand: Fireman &amp; Drivers Vacancy in NPCIL: Nuclear Power Corporation of India Limited (NPCIL) has released an adverti... http://t…
2015-02-24 09:33:06,Uttarakhand_Job,RT @uttarakhand: Executive Trainee Vacancy in NPCIL: Nuclear Power Corporation of India Limited (NPCIL) has released an adverti... http://t…
2015-02-23 07:18:04,Uttarakhand_Job,RT @uttarakhand: Young Professional Vacancy in DCFR Bhimtal: Directorate of Coldwater Fisheries Research (DCFR) invites applica... http://t…
2015-02-23 07:17:53,Uttarakhand_Job,RT @uttarakhand: भारतीय सेना मे भर्ती होने का सुनहरा अवसर !!!  भारतिया सेना की भर्ती अप्रैल मे कोटद्वार मे होने जा रही है !!! http://t.co/s…
2015-02-23 07:17:47,Uttarakhand_Job,RT @uttarakhand: Army Recruitment Rally in Kotdwar: Indian Army will conduct army open bharti recruitment rally in Kotdwar for ... http://t…
2015-02-20 11:20:18,Uttarakhand_Job,RT @uttarakhand: Administrative Officer Recruitment in Oriental Insurance !!!  Total Posts : 246 http://t.co/pzJvMp7gJW
2015-02-20 11:20:12,Uttarakhand_Job,"RT @uttarakhand: UKPSC announces dates for Assistant Divisional Inspector Exam 2014 !!!  Exam Dates : 14, 15 and 16 March 2015... http://t.…"
2015-02-20 11:20:04,Uttarakhand_Job,RT @uttarakhand: Assistant Divisional Inspector Exam 2014 Dates: UKPSC has released notification for the exam of Assistant Divi... http://t…
2015-02-20 11:19:57,Uttarakhand_Job,RT @uttarakhand: Uttarakhand Police SI Exam 2015 Dates: Uttarakhand Police Department has announces the dates for Sub Inspector... http://t…
2015-02-20 11:19:49,Uttarakhand_Job,"RT @uttarakhand: Officers &amp; Executive Vacancy in IIT Roorkee: Indian Institute of Technology (IIT), Roorkee has released an adv... http://t…"
2015-02-20 11:19:34,Uttarakhand_Job,"RT @uttarakhand: UKPSC Computer Staff Recruitment Uttarakhand !!!  Eligibility : 10th, Graduate, BSc, BCA, BE, BTech, MCA, PGDCA... http://…"
2015-02-20 11:19:23,Uttarakhand_Job,RT @uttarakhand: Garhwal Rifles Recruitment ReExam Dates: Soldier Recruitment Board (Sainik Bharti Board) has declare Soldier (... http://t…
2015-02-20 11:19:19,Uttarakhand_Job,RT @uttarakhand: SRF/ JRF Recruitment in IVRI Mukteshwar: Indian Veterinary Research Institute (IVRI) Mukteshwar has released a... http://t…
2015-02-20 11:19:13,Uttarakhand_Job,RT @uttarakhand: 78 Cabin Crew Vacancy in Air India: Air India Limited invites applications to join Air India Limited as Cabin ... http://t…
2015-02-20 11:19:09,Uttarakhand_Job,RT @uttarakhand: 100 Senior Manager Recruitment in Indian Overseas Bank: Indian Overseas Bank has released an advertisement for... http://t…
2015-02-20 11:19:04,Uttarakhand_Job,"RT @uttarakhand: Non Teaching Vacancy in HNBGU: Hemwati Nandan Bahuguna University, has released an advertisement for the recru... http://t…"
2015-02-10 10:54:16,Uttarakhand_Job,"RT @uttarakhand: Hurry Up !!! Multiple Vacancies in Uttarakhand Health and Family Welfare Society, Dehradun ... http://t.co/Nf9VXJ4c1V"
2015-02-09 10:46:39,Uttarakhand_Job,RT @uttarakhand: Apply Online for latest UKPSC Group B (समूह ख) Vacancies in Uttarakhand !!!  उत्तराखंड सरकारी नौकरियाँ - समूह ख... http://…
2015-02-09 10:46:27,Uttarakhand_Job,RT @uttarakhand: Apply Online !!!!  उत्तराखंड के विभिन्न सरकारी विभागों मे निकली हैं 'समूह ग' की भर्तियाँ !!!!  उत्तराखंड मे Group... http:…
2015-02-06 07:21:02,Uttarakhand_Job,RT @uttarakhand: कैसे मिलेगी 8वीं पास को नौकरी ??   जानिए 8वीं पास या फेल के लिए नौकरी केवल http://t.co/kEZPXdUJ7w में !!!! http://t.co/sk3…
2015-02-06 07:20:55,Uttarakhand_Job,RT @uttarakhand: Do You Know?   eUttaranchal  Matrimonial (byoh.in) is Uttarakhand's #1 matrimonial website :) with over 15000... http://t.…
2015-02-06 07:20:42,Uttarakhand_Job,RT @uttarakhand: Supreme Court put stay on Uttarakhand Primary Teachers Recruitment Process: Supreme Court stays the recruitmen... http://t…
2015-02-05 11:43:30,Uttarakhand_Job,RT @uttarakhand: Hurry up! Thousands of Govt Job Openings in Uttarakhand http://t.co/We2H4VjgsE
2015-02-05 11:43:11,Uttarakhand_Job,RT @uttarakhand: Garhwal Rifles DSC Recruitment Lansdowne: Garhwal Rifles Regimental Centre has invited the retired Garhwal Rif... http://t…
2015-02-05 11:42:57,Uttarakhand_Job,"RT @uttarakhand: 120 Pashudhan Prasar Adhikari or Livestock Development Officer Vacancies in Animal Husbandary Dept, #Uttarakhand... http:/…"
2015-02-03 11:52:22,Uttarakhand_Job,RT @RomanticBug: 15 Most Romantic Places in Los Angeles http://t.co/O94NYbRa85
2015-02-03 11:51:52,Uttarakhand_Job,RT @Brijmohan4Bisht: #Uttarakhand has one of the most exciting ski destinations - #Auli http://t.co/jXZPSe3OVD @PahadiTips @uttarakhand htt…
2015-02-03 11:51:44,Uttarakhand_Job,"RT @uttarakhand: जानिए उत्तराखंड की समस्त नौकरियाँ !!!!  Check out latest jobs in Uttarakhand !!!!  LIKE, SHARE &amp; Subscribe to get... http:…"
2015-02-03 11:51:21,Uttarakhand_Job,RT @uttarakhand: UKPSC Group B Recruitment in Uttarakhand 2015: Uttarakhand Public Service Commission UKPSC has released notifi... http://t…
2015-02-03 11:51:04,Uttarakhand_Job,RT @uttarakhand: IBPS CWE SBI Associates PO Result 2014: The much awaited result of SBI Associates PO held in November 2014 has... http://t…
2015-02-03 11:50:42,Uttarakhand_Job,RT @Brijmohan4Bisht: Catch Snow-white views frm #Mussoorie http://t.co/l9txFCKwxF @Sumanmjoshi @Suman_NEGI3 @PahadiTips @uttarakhandjai htt…
2015-01-31 11:08:17,Uttarakhand_Job,RT @uttarakhand: Latest Dehradun Govt Jobs http://t.co/rjBhB9brwh
2015-01-31 11:08:08,Uttarakhand_Job,"RT @uttarakhand: UKPSC Civil Judge (Junior Division) CJ-JD Pre Exam 2014 Schedule: Uttarakhand Public Service Commission, Guruk... http://t…"
2015-01-31 11:05:45,Uttarakhand_Job,RT @uttarakhand: SSC ने निकाली हैं 62390 रिक्तियाँ कोन्स्टबलों की विभिन्न भारतीय रक्षा बलों मे !!!!  अगर आप भी 10वीं पास हैं या... http://t…
2015-01-31 11:05:36,Uttarakhand_Job,RT @uttarakhand: जानिए उत्तराखंड की समस्त इंजिनियरिंग नौकरियाँ !!!!  Check out latest Engineering jobs in Uttarakhand !!!!... http://t.co/V…
2015-01-31 11:05:01,Uttarakhand_Job,RT @Brijmohan4Bisht: Comes to #Uttarakhand to witness nature's at its best hill stations @Pahadi_Tips @alok_bhatt http://t.co/RyQ1vXvLgq ht…
2015-01-28 07:27:49,Uttarakhand_Job,"RT @Brijmohan4Bisht: 62390 कोन्स्टबलों की भर्ती - SSC 62390 Constable Recruitment in CAPFs, NIA, SSF and Assam Rifles !!! http://t.co/zbp7j…"
2015-01-28 07:27:02,Uttarakhand_Job,RT @uttarakhand: स्टाफ सेलेक्शन कमीशन में निकली बंपर नौकरिया !!!!  कुल पद संख्या: 62390   योग्यता: दसवी पास  अंतिम तिथि:... http://t.co/6VL…
2015-01-28 07:26:54,Uttarakhand_Job,"RT @uttarakhand: 31 Managers Recruitment in NSIC: The National Small Industries Corporation Ltd. (NSIC), has released an advert... http://t…"
2015-01-28 07:26:49,Uttarakhand_Job,RT @uttarakhand: 219 Group C Recruitment in Indian Navy: Indian Navy has released an advertisement for the recruitment of Group... http://t…
2014-06-20 12:38:00,Uttarakhand_Job,RT @Brijmohan4Bisht: IBPS CWE RRB Officers and Office Assistant (Multipurpose) Recruitment 2014 http://t.co/Vk7HlMllfZ
2014-06-09 10:43:32,Uttarakhand_Job,Corbett Heaven Resort at Corbett National Park #Uttarakhand http://t.co/YPwPHI8Qpm @Corbett
2014-06-09 09:17:32,Uttarakhand_Job,The Hridayesh Spa Wilderness Resort Corbett National Park http://t.co/9KgepkAc7A
2014-06-09 06:01:26,Uttarakhand_Job,ONGC Dehradun Non Executive Recruitment 2014 - #ONGC #Dehradun #Recruitment http://t.co/kEjY6x25Lb @Dehradun @ONGC
2014-06-07 10:14:54,Uttarakhand_Job,Mapple Leisure Resort Corbett National Park Hotel Mapple Leisure Resort Tariff Offers in Corbett National Park India: http://t.co/K7ZqnSQw3U
2014-03-25 04:06:53,Uttarakhand_Job,"RT @freshersvoice: http://t.co/IAzTXOHFWl: #Uttarakhand Jal Vidyut Nigam Ltd hiring ""Accounts Officer"" for #Freshers… http://t.co/Cv6jeNL5z1"
2014-03-25 04:06:10,Uttarakhand_Job,RT @Sarkari_Naukri_: Sarkari Naukri  Recruitment For Medical Physicist In AIIMS Rishikesh –... http://t.co/1Q08AGMFHF #MSc #Uttarakhand #Go…
2014-03-22 09:37:47,Uttarakhand_Job,"Become a Teacher @uttarakhand 2 Year D.El.Ed Training Course Notification, Examination Form... http://t.co/B9kRSDwIFq http://t.co/p0A77EA3vD"
2014-03-15 11:26:13,Uttarakhand_Job,Bumper 948 Group A &amp; B vacancies at #AIIMS #Rishikesh. Apply before 7 April 2014. For more info http://t.co/1R5Bq4DceC
2014-03-15 11:05:34,Uttarakhand_Job,#Uttarakhand Free Skill Development Training for Candidates of Disaster Hit Region with Tata http://t.co/rplb5MKYg3 http://t.co/6CXiEQIae3
2014-03-15 08:48:19,Uttarakhand_Job,RT @uttarakhand: Is tyohar ko kya kehte hain...?? @Utttarakhand http://t.co/tPosLhcssi
2014-03-15 08:39:09,Uttarakhand_Job,Good chance for all 2013 ITI passed candidates to get Apprentice from BHEL Haridwar.  #ITI  #apprentice http://t.co/6puk7oT2FN
2014-03-14 10:41:37,Uttarakhand_Job,Uttarakhand Gramin Bank has released notification for the recruitment of 206 Officers and Office Assistants. http://t.co/g0fNkNElK1
2014-03-14 10:40:54,Uttarakhand_Job,Nainital Bank invites applications for the posts of Manager (Security) in Officer’s Grade Scale- II. http://t.co/sVpjNkkjCm
2014-03-14 10:39:49,Uttarakhand_Job,NIT Uttarakhand invites applications for trainee teaching posts under Trainee Teacher Scheme in various departments http://t.co/UZDBHZVmKf
2014-03-14 10:37:37,Uttarakhand_Job,"NIT, Uttarakhand invites applications for Professors, Associate Professors and Assistant Professors http://t.co/UAeyQ2Oy3L"
2016-03-24 18:29:42,UttarakhandJobs,"Ramdev, BJP plotted against us in Uttarakhand, Congress says: The political crisis in Uttarakhand took a new t... https://t.co/FDTA0EGclV"
2016-03-24 03:20:29,UttarakhandJobs,Cong blames Ramdev for ‘provoking’ U’khand MLAs: Congress on Wednesday accused yoga guru Ramdev of “mastermind... https://t.co/NaJDWYzXMY
2016-03-23 23:40:21,UttarakhandJobs,Mother of two from Mumbai becomes face of Brussels horror: Wednesday’s Brussels blasts produced a similar icon... https://t.co/O0dptvGJio
2016-03-23 16:23:45,UttarakhandJobs,"David Coleman Headley donated money to Lashkar-e-Taiba: David Coleman Headley, the accused turned approver in ... https://t.co/6Ohjezhkxr"
2016-03-23 12:42:58,UttarakhandJobs,"David Headley refuses to answer questions about wife: Deposing in the 2008 Mumbai attacks case, Pakistani-Amer... https://t.co/7oWQW2Ll0n"
2016-03-23 08:42:10,UttarakhandJobs,"David Headley’s cross-examination begins, investigators expect more revelations in Mumbai Attacks Case: Headle... https://t.co/vqPTvmXWBd"
2016-03-23 04:56:16,UttarakhandJobs,ED to question 8 confidants of Chhagan Bhujbal: The Enforcement Directorate (ED) has identified eight close co... https://t.co/kLS2BpKVd1
2016-03-23 04:56:16,UttarakhandJobs,ED to question 8 confidants of Chhagan Bhujbal: The Enforcement Directorate (ED) has identified eight close co... https://t.co/G2fVKyGUFH
2016-03-22 21:53:46,UttarakhandJobs,Uttarakhand rebels shifted to Jaipur:    https://t.co/KZozbQW6x5
2016-03-22 14:34:28,UttarakhandJobs,"BJP MLA Ganesh Joshi gets bail in horse thrashing case: BJP MLA Ganesh Joshi, who was arrested for allegedly t... https://t.co/98kz9W2gG9"
2016-03-22 10:57:57,UttarakhandJobs,"Maharashtra govt pays more for animals’ upkeep than children’s: MLA: Mumbai, Mar 22 () Maharashtra government ... https://t.co/URNOIixoOa"
2016-03-21 20:22:58,UttarakhandJobs,"Uttarakhand crisis: Congress, BJP call on President Pranab Mukherjee: BJP members said the party would oppose ... https://t.co/XNH2lcm91h"
2016-03-21 16:37:15,UttarakhandJobs,Uttarakhand CM Harish Rawat says BJP govt at Centre is ‘extra-powerful’: Describing the BJP government at the ... https://t.co/xlk2p6yYVY
2016-03-21 13:02:05,UttarakhandJobs,Uttarakhand crisis: Congress expels Vijay Bahuguna’s son for 6 years: Amid the ongoing political crisis in Utt... https://t.co/EPDXT6yPhn
2016-03-21 13:02:05,UttarakhandJobs,Vijay Bahguna’s son Saket expelled from Congress for anti-party activities: Amid the ongoing political turmoil... https://t.co/femlbm3OkX
2016-03-20 22:40:26,UttarakhandJobs,Uttarakhand best example of a constitutional crisis: BJP: Hinting that the Congress government in Uttarakhand ... https://t.co/HzQ8izBab5
2016-03-20 22:40:26,UttarakhandJobs,"Harish Rawat takes to Twitter, throws Holi jibe at PM Modi: On Sunday, beleaguered CM Harish Rawat tweeted a H... https://t.co/719yfivLHz"
2016-03-20 19:12:22,UttarakhandJobs,26/11 Mumbai attacks: Petition filed to include postmortem reports:    https://t.co/tlPi9a5i9D
2016-03-20 19:12:22,UttarakhandJobs,"BJP hits back at Rahul Gandhi’s horse-trading charge, calls Congress a ‘sinking ship’: Hitting out at the Cong... https://t.co/sYcFiKoQZo"
2016-03-20 08:33:57,UttarakhandJobs,"Rahul Gandhi attacks BJP over Uttarakhand political crisis, says money and muscle being misused: Rahul Gandhi ... https://t.co/zHIRJQrSzx"
2016-03-20 08:33:56,UttarakhandJobs,Exiled Tibetans vote to elect PM: Tibetan exiles across the world on Sunday voted to elect their nominees for ... https://t.co/DwgvdIt3Cb
2016-03-20 05:03:11,UttarakhandJobs,"Looked after by BJP at hotel, Cong rebels snipe at CM: Congress rebels from Uttarakhand blamed chief minister ... https://t.co/7hUsypR6Y6"
2016-03-20 05:03:10,UttarakhandJobs,Governor gives Uttarakhand CM 9 days to prove majority: In what could provide relief to the beleaguered Congre... https://t.co/RthlWb4iUq
2016-03-19 18:30:13,UttarakhandJobs,Uttarakhand governor asks CM Harish Rawat to prove majority by March 28: Uttarakhand governor Krishna Kant Pau... https://t.co/6nwPVFWBir
2016-03-19 15:01:37,UttarakhandJobs,Arvind Kejriwal accuses BJP of horse-trading in Uttarakhand: Delhi CM and AAP leader Arvind Kejriwal lashed ou... https://t.co/lEkdXL5U9b
2016-03-19 11:32:43,UttarakhandJobs,Supriya Sule meets Chhagan Bhujbal in jail: ​NCP MP and party chief Sharad Pawar’s daughter Supriya Sule on Sa... https://t.co/FQ895yB0Rq
2016-03-19 11:32:42,UttarakhandJobs,"Narendra Modi, Amit Shah destabilizing non-BJP govts: Congress: With Congress government in Uttarakhand plungi... https://t.co/cQ7xJHj5UZ"
2016-03-19 08:02:16,UttarakhandJobs,19 Uttarakhand Congress MLAs flown to Delhi for toppling Harish Rawat government: Ninteen Uttarakhand MLAs fro... https://t.co/dTPCwnYfGQ
2016-03-19 08:02:16,UttarakhandJobs,19 Uttarakhand MLAs flown to Delhi for toppling Congress government: Ninteen Uttarakhand MLAs from the Congres... https://t.co/8mTictKoCG
2016-03-19 00:59:29,UttarakhandJobs,"Uttarakhand govt faces crisis after nine Congress MLAs revolt: In a House of 70, the Congress has 36 MLAs, wit... https://t.co/EPBaoMOlUU"
2016-03-18 21:27:46,UttarakhandJobs,Uttarakhand government in turmoil after 9 Congress MLAs revolt: The Congress-led Uttarakhand government plunge... https://t.co/kP7oQ690um
2016-03-18 21:27:46,UttarakhandJobs,Uttarakhand government in turmoil after 9 Congress MLAs rebel: The Congress-led Uttarakhand government plunged... https://t.co/TNBk2cwTih
2016-03-18 10:53:51,UttarakhandJobs,Horse row: BJP MLA Ganesh Joshi arrested by Dehradun police:    https://t.co/XY78V6J3Z8
2016-03-17 09:50:55,UttarakhandJobs,Vijay Mallya loan default case: SBI consortium starts auction of Kingfisher House: Lenders to long-grounded Ki... https://t.co/aM0hF5J6LU
2016-03-17 09:50:55,UttarakhandJobs,Vijay Mallya loan default case: SBI consortium to auction Kingfisher House today: A consortium led by the Stat... https://t.co/GCDAynVAAM
2016-03-17 06:16:49,UttarakhandJobs,Loan recovery: SBI consortium to auction Kingfisher House today: A consortium led by the State Bank of India i... https://t.co/637u6SL2aa
2016-03-16 19:48:27,UttarakhandJobs,Maharashtra government grants permission to four dance bars in Mumbai: In the wake of the Supreme Court order ... https://t.co/Q2GlEZWlcZ
2016-03-16 01:56:19,UttarakhandJobs,Surgery on U’khand horse a success; police duty unlikely: A team of veterinary doctors which operated upon Sha... https://t.co/wJtZUWi1FU
2016-03-15 15:16:10,UttarakhandJobs,Maharashtra Sadan scam: Chhagan Bhujbal sent to two-day ED custody: The ED sought a three-day custody of Chhag... https://t.co/EU5K4ED2iL
2016-03-15 15:16:10,UttarakhandJobs,Animal rights groups write to Uttarakhand assembly speaker against the BJP MLA who brutally attacked a horse; ... https://t.co/soUwQG2tG0
2016-03-14 21:20:31,UttarakhandJobs,"Mumbai tops, Delhi 6th among cities which deliver better quality of life: Mumbai topped the list among 21 big ... https://t.co/0zE9yp4ix1"
2016-03-14 14:06:41,UttarakhandJobs,BJP takes out protest march to Uttarakhand assembly: Thousands of BJP workers took out a march in Dehradun and... https://t.co/GmuOJ1ZitV
2016-03-14 10:33:54,UttarakhandJobs,Maharashtra sadan scam: Chhagan Bhujbal appears before Enforcement Directorate: Former Maharashtra PWD ministe... https://t.co/UC4nRQaDwp
2016-03-14 03:31:29,UttarakhandJobs,8 state-run metro bus corpns in red: Eight state road transport undertakings (SRTUs) operating in metropolitan... https://t.co/tLansujCaN
2016-03-14 03:31:29,UttarakhandJobs,"Chennai tops in health cover, Mumbai worst: More than half of Chennai’s households have a member covered by a ... https://t.co/ddmWCEsFDa"
2016-03-12 17:03:07,UttarakhandJobs,"Avalanche warning in J-K, HP, Uttarakhand for next 24 hrs: An avalanche warning was on Saturday issued for hig... https://t.co/pdEyHh2YoQ"
2016-03-12 17:03:06,UttarakhandJobs,Close shave for 10 as IAF plane’s tyre bursts while landing at Dehradun airport:    https://t.co/WHTOAU1rIf
2016-03-12 10:18:08,UttarakhandJobs,A house for Mr Mallya: While the whole country wonders where and how booze baron Vijay Mallya suddenly disappe... https://t.co/RTMf0kedeq
2016-03-11 19:56:03,UttarakhandJobs,"Send SMS to 58888, if your train coach needs cleaning: “It is a new beginning in cleanliness efforts with the ... https://t.co/S8ekAjeWIa"
2016-03-11 12:44:13,UttarakhandJobs,"Avalanche warning in J&amp;K, HP, Uttarakhand: An avalanche warning has been issued for higher areas of Jammu and ... https://t.co/G0k7w3jACy"
2016-03-11 05:28:02,UttarakhandJobs,Will consider Pakistan’s plea on examining 26/11 witnesses: Government: With Pakistan claiming that “the ball ... https://t.co/XBtkQHHCOF
2016-03-10 18:59:24,UttarakhandJobs,"26/11 Mumbai attacks case: If Pak sends formal request on witnesses, will consider, MEA spokesperson says: “Th... https://t.co/HHRg4AsuHU"
2016-03-10 15:27:18,UttarakhandJobs,David Headley’s cross-examination to start on March 22: The cross-examination of Lashkar-e-Taiba terrorist-tur... https://t.co/YCQrAw9RR1
2016-03-08 18:25:06,UttarakhandJobs,Ramdev’s Haridwar food park gets full-time CISF cover: Yoga guru Ramdev’s Haridwar-based food park has got a f... https://t.co/T66JZAWJa6
2016-03-08 04:31:56,UttarakhandJobs,"Mumbai’s 1st test-tube baby is now a mom: Thirty years after she made history, Mumbai’s first test-tube baby, ... https://t.co/fxo85Qq1ZP"
2016-03-06 21:09:09,UttarakhandJobs,"High court asks Uttarakhand government to stop unauthorized use of name plates, hooters on private vehicles:    https://t.co/LFCiQPjbRu"
2016-03-06 14:06:58,UttarakhandJobs,Pakistan asks India to send 24 witnesses to depose in 26/11 trial: “The foreign ministry has written to the In... https://t.co/c4VPraQ2kC
2016-03-05 13:30:06,UttarakhandJobs,"Rohith Vemula had organised meeting for Memon, says V K Singh: Union minister V K Singh on Saturday targeted J... https://t.co/nRS1xNwipB"
2016-03-04 12:58:51,UttarakhandJobs,"No idea about Ishrat row, case file never came to me: Former home minister Sushil Shinde: Amid the row over Is... https://t.co/nzIUPvrJ7v"
2016-03-04 05:50:16,UttarakhandJobs,"Seeking salary, Sahara staff to strip in protest: Hundreds of Sahara employees in Mumbai would strip down to t... https://t.co/xxLCk6lZ6y"
2016-03-04 05:50:16,UttarakhandJobs,Meat shops resist Mumbai airport’s chop: Around 100 chicken and mutton shop owners have sent applications seek... https://t.co/8lHO8Ybuq0
2016-03-02 21:42:59,UttarakhandJobs,"Most of India’s richest rich prefer Mumbai as home: ​​The latest survey, conducted along with ultra-wealth int... https://t.co/xIzYZwO2LJ"
2016-03-02 14:45:54,UttarakhandJobs,Centre to facilitate weddings at sea sites soon: Couples in India could marry at sea on luxury cruises that th... https://t.co/OVdKA8msij
2016-02-29 19:14:22,UttarakhandJobs,HC refuses relief to Pankaj Bhujbal: The Bombay High Court on Monday dismissed a petition filed by NCP MLA Pan... https://t.co/MSnyjJUE7G
2016-02-29 19:14:22,UttarakhandJobs,Prince William and Kate Middleton to arrive in Mumbai on April 10: Britain’s Prince William and his wife Kate ... https://t.co/vCFuymvJGV
2016-02-29 04:51:09,UttarakhandJobs,Vaccine for cervical cancer must for all?: As the Indian government toys with the idea of offering the cervica... https://t.co/RUweznVROm
2016-02-22 19:40:38,UttarakhandJobs,IGCAR Kalpakkam Technician and  Stipendiary Trainee Category-II vacancy last date 18th March-2016: Published b... https://t.co/t58emgKI9i
2016-02-22 19:40:38,UttarakhandJobs,Job posts in Central Institute of Hindi Agra last date 31st March-2016: Central Institute of Hindi (CIH) (केन्... https://t.co/FBA8BIemwO
2016-02-21 20:45:06,UttarakhandJobs,Haryana SSC Advt. No. 3 of 2016 for various Job posts  last date 4th April-2016: Haryana Staff Selection Commi... https://t.co/qyDn41KQd2
2016-02-21 20:45:06,UttarakhandJobs,Rajasthan  PSC Assistant Agriculture Officer vacancy last date 26th March-2016: Rajasthan Public Service Commi... https://t.co/PYkmNV4IwG
2016-02-20 14:13:28,UttarakhandJobs,Computer Operator Job in UP Police last date 4th April-2016: Government of  Uttar Pradesh (UP)Uttar Pradesh Po... https://t.co/4amXRzxT5H
2016-02-20 10:22:50,UttarakhandJobs,Para-Medical staff vacancy in  CRPF last date 23rd March-2016: Central Reserve Police Force (CRPF)Ministry of ... https://t.co/MReTFTGiHd
2016-02-19 22:59:30,UttarakhandJobs,Stenographer and Personal Assistant posts by UPSSSC  last date: Uttar Pradesh Subordinate Services Selection C... https://t.co/VI37KeQuDu
2016-02-19 22:59:29,UttarakhandJobs,Job posts in NCOAR  last date 22nd March-2016: ESSO National Centre for Antarctic &amp; Ocean Research (NCAOR)(An ... https://t.co/AdCDEpxErH
2016-02-18 23:59:23,UttarakhandJobs,Faculty vacancy in Govind Ballabh Pant Social Science Institute last date 31st March-2016:   Govind Ballabh Pa... https://t.co/7z1IXtpKwR
2016-02-18 20:07:00,UttarakhandJobs,Faculty and other posts in Jamia Millia Islamia last date 10th March-2016: JAMIA MILLIA ISLAMIA (JMI)(A Centra... https://t.co/ej0aR1aNPe
2016-02-18 00:30:57,UttarakhandJobs,Central University of Jammu Faculty vacancy last date 2nd March-2016: Central University of Jammu (CUJ)Bagla (... https://t.co/C3Je6n2vYd
2016-02-18 00:30:57,UttarakhandJobs,Job posts in WBPDCL last date 31st March-2016:    The West Bengal Power Development Corporation Limited (WBPDC... https://t.co/QkelKBlD7d
2016-02-17 20:37:56,UttarakhandJobs,IT Vacancy in Himachal Technical University last date 26th March-2016:   Himachal Pradesh Technical Universit... https://t.co/5WB1TDSXnF
2016-02-17 01:01:08,UttarakhandJobs,Junior Engineer posts in Punjab Rural Development and Panchayats departments last date 14th March-2016:  Gover... https://t.co/VXtnZM4Y74
2016-02-17 01:01:08,UttarakhandJobs,Junior Engineer Trainee vacancy in MP Poorva Kshetra Power Distribution company last date 7th March-2016: Madh... https://t.co/EGBiubZky9
2016-02-16 17:22:55,UttarakhandJobs,Haryana PSC Assistant Professor College Cadre vacancy last date 15th March-2016: Haryana Public Service Commis... https://t.co/mIIzlufGBT
2016-02-16 17:22:55,UttarakhandJobs,Scientist Technical  vacancy in CFTRI last date 31st March-2016:   Central Food Technological Research Institu... https://t.co/ss5kehZXCz
2016-02-16 02:02:26,UttarakhandJobs,Job vacancy in Media Lab Finance division last date 7th March-2016:  Media Lab Asia(A Research &amp; Development S... https://t.co/j7M1BPiJWT
2016-02-16 02:02:26,UttarakhandJobs,IOCL Digboi refinery Engineering Assistant posts last date 26th Feb-2016:   Indian Oil Corporation Ltd. (IOCL)... https://t.co/y4VY2Pz0U5
2016-02-14 23:06:46,UttarakhandJobs,SSC Combined Graduate Level Examination 2016  last date 10th March-2016: Staff Selection Commission (SSC)CGO C... https://t.co/eXsp9LhPVH
2016-02-14 23:06:45,UttarakhandJobs,Job vacancy in Maharashtra State Electricity Distribution Company last date 29th Feb-2016: Maharashtra State E... https://t.co/3a2Ee1cyqU
2016-02-14 00:49:48,UttarakhandJobs,"Faculty posts in CCS University Meerut last date  12th March-2016: Chaudhary Charan Singh University (CCSU), M... https://t.co/cDPOIqnIPi"
2016-02-14 00:49:48,UttarakhandJobs,MCU Bhopal Faculty and other vacancy last date 11th March-2016: Makhanlal Chaturvedi National University of Jo... https://t.co/HLzhldxyNP
2016-02-13 14:33:59,UttarakhandJobs,Haryana Police Constable vacancy by Haryana SSC last date 21st June-2016:     Haryana Staff Selection Commissi... https://t.co/6DaVwRgI6q
2016-02-13 14:33:59,UttarakhandJobs,Job vacancy by UPSC Advt. No. 3 of 2016 last date 3rd March-2016:   Union Public Service Commission   (UPSC)  ... https://t.co/PVu7aia7s8
2016-02-12 23:53:56,UttarakhandJobs,Specialist Cadre Officer Posts in BMB last date 29th Feb-2016: Bharatiya Mahila Bank (BMB) (A Government of In... https://t.co/PN9uD0cnDa
2016-02-12 00:53:54,UttarakhandJobs,"Job vacancy by Punjab PSC last date 2nd March-2016: Punjab Public Service Commission (PPSC)Baradari Garden, P.... https://t.co/yzItNNfppZ"
2016-02-12 00:53:54,UttarakhandJobs,Senior Technician posts in Indian Maritime University last date 19th March-2016: Indian Maritime University (I... https://t.co/8aeTzjddod
2016-02-11 05:41:53,UttarakhandJobs,Job vacancy in CPRI Bangalore last date 29th Feb-2016: The Central Power Research Institute (CPRI)(A Govt. of ... https://t.co/bumqsPs3Yp
2016-02-11 05:41:53,UttarakhandJobs,ITBP  Deputy Judge Attorney General – Deputy Commandant posts last date 7th March-2016: Indo-Tibetan Border Po... https://t.co/AvxYEIoLlu
2016-02-11 01:33:40,UttarakhandJobs,Job vacancy in Power Grid Northern Region-II last date 1st March-2016: POWER GRID CORPORATION OF INDIA LTD.(A ... https://t.co/D1FrMPitsO
2016-02-11 01:33:39,UttarakhandJobs,Engineer recruitment in WBSEDCL last date 10th March-2016: West Bengal State Electricity Distribution Company ... https://t.co/Y8UNhacgkQ
2016-02-10 14:07:00,UttarakhandJobs,Job vacancies by NIELIT for Punjab and Chandigarh last date 15th FEb-2016: National Institute of Electronics a... https://t.co/eez7itRS0e
2016-02-09 22:30:52,UttarakhandJobs,Middle Level Officer Jobs in HEC Limited last date 29th Feb-2016: Heavy Engineering Corporation (HEC) Limited(... https://t.co/jM3oCnpjyz
2016-02-09 22:30:52,UttarakhandJobs,Job posts in NIMI Chennai last date 9th March-2016: National Instructional Media Institute (NIMI)Post Box No. ... https://t.co/sFQhwayQ4U
2016-02-09 14:24:24,UttarakhandJobs,"Deposition Typist vacancy in Jharkhand Courts last date 14th March-2016: Jharkhand High Court.Doranda, Ranchi,... https://t.co/TJPXd3QBnw"
2016-02-09 14:24:24,UttarakhandJobs,Job vacancy in NALCO last date 5th March-2016: National  Aluminum Company Limited (NALCO)(A Government of Indi... https://t.co/P6MfMZjBlD
2016-02-09 06:33:18,UttarakhandJobs,Job vacancy in Rashtriya Sanskrit Sansthan last date 29th Feb-2016: RASHTRIYA SANSKRIT SANSTHAN(Deemed Univers... https://t.co/MBK4JvPns1
2016-02-09 06:33:17,UttarakhandJobs,Job posts in Power Finance Corporation last date 29th Feb-2016: Power Finance Corporation Limited (PFC)  (A Go... https://t.co/BTcDzxVCqe
2016-02-08 20:04:53,UttarakhandJobs,Haryana PSC Job Advt. No. 8 of 2015 last date 8th March-2016: Haryana Public Service Commission (H PSC)Bays No... https://t.co/lXPJ4JY7zb
2016-02-08 20:04:53,UttarakhandJobs,Contract Jobs in Haryana Ayush Directorate last date 17th Feb-2016: Government of Haryana Directorate of AYUSH... https://t.co/Og3pNQRQQZ
2016-02-07 17:54:41,UttarakhandJobs,Special Recruitment Drive in AIIMS Patna last date 27th Feb-2016:   All India Institute of Medical Sciences (A... https://t.co/jozlnLIjB7
2016-02-07 17:54:41,UttarakhandJobs,Clerk Recruitment in Himachal State Co-Operative Bank last date 31st March-2016: The Himachal Pradesh State Co... https://t.co/YDknvnIGgU
2016-02-06 22:27:36,UttarakhandJobs,Job posts in Mumbai Port Trust last date 22nd Feb-2016: Mumbai Port TrustPublished by http://www.SarkariNaukri... https://t.co/HoAipBTwj5
2016-02-06 22:27:36,UttarakhandJobs,IARI Lower Division Clerk vacancy last date 4th March-2016: Indian Agricultural Research Institute (IARI)(Indi... https://t.co/kEEctdWnQl
2016-02-06 10:51:41,UttarakhandJobs,Research Officer vacancy in CCRAS Feb-2016: Central Council for Research in Ayurvedic Sciences (CCRAS)Jawahar ... https://t.co/7ghueKCwQk
2016-02-06 10:51:40,UttarakhandJobs,UPSC Geologist and Geo-Scientist Examination 2016 last date 4th March-2016: UNION PUBLIC SERVICE COMMISSION (U... https://t.co/bXOlNRzpqg
2016-02-04 23:29:22,UttarakhandJobs,Joint CSIR-UGC test NET June 2016 last date 1st March-2016: Council of Scientific &amp; Industrial Research - CSIR... https://t.co/dPFWuDv9VR
2016-02-04 23:29:22,UttarakhandJobs,Rolling Advertisement for Faculty Positions in PDPM IIITDM last date 15th March-2016: PDPM Indian Institute of... https://t.co/aUETUvy0pP
2016-02-04 04:51:46,UttarakhandJobs,Job vacancy in BEL Ghaziabad last date 27th Feb-2016:  Bharat Electronics Limited (BEL) (A Govt. of India Ente... https://t.co/A03QZd0RTC
2016-02-03 21:58:25,UttarakhandJobs,Walk-In for Job posts in UTIITSL on 6th and 7th Feb-2016: UTI Infrastructure Technology and Services Limited (... https://t.co/8VS7DtLJ2O
2016-02-03 21:58:25,UttarakhandJobs,Recruitment to Workmen and Supervisory posts in Cochin Shipyard Limited last date 5th March-2016: Cochin Shipy... https://t.co/h69j5WWls8
2016-02-02 23:56:35,UttarakhandJobs,"Executive Trainee vacancy in NTPC last date 29th Feb-2016: National Thermal Power Limited (NTPC)NTPC Bhawan, S... https://t.co/CCkYU4JpYN"
2016-02-02 23:56:35,UttarakhandJobs,Job vacancy in  Dedicated Freight Corridor Corporation last date 13th Feb-2016: Dedicated Freight Corridor Cor... https://t.co/retzmMkxVZ
2016-02-02 15:15:02,UttarakhandJobs,Contract Job posts in Insurance  Information Bureau  of  India last date 12th Feb-2016:  Insurance  Informatio... https://t.co/XJvPG7jgxV
2016-02-02 07:03:54,UttarakhandJobs,Faculty vacancy in Allahabad University last date 10th March-2016: University of Allahabad  (UoA)(A Central Un... https://t.co/FxZozbt3E0
2016-02-01 19:20:28,UttarakhandJobs,Hartron Jobs for IT Professionals on contract basis by Walk-In-Interview: Haryana State Electronics Developmen... https://t.co/9ZlpeF2lvE
2016-02-01 19:20:28,UttarakhandJobs,Women Constable vacancy in RPF RPSF last date 1st March-2016: Government of India / Ministry of RailwaysSouth ... https://t.co/NQuCBPcs9s
2016-02-01 11:00:00,UttarakhandJobs,Manager vacancy in Maulana Azad Education Foundation last date 22nd Feb-2016: Maulana Azad Education Foundatio... https://t.co/6uRw1DUwq9
2016-01-31 15:40:54,UttarakhandJobs,Faculty vacancy in RIMS Ranchi last date 29th Feb-2016: Rajendra Institute of Medical Sciences (RIMS)Ranchi-83... https://t.co/qIVyguIDbu
2016-01-31 15:40:53,UttarakhandJobs,Walk-In at GMC Srinagar on 11th Feb-2016: Veer Chandra Singh Garhwal Government Medical Science &amp; Research Ins... https://t.co/acQTHun8BS
2016-01-30 23:20:40,UttarakhandJobs,Job vacancies in India Government Mint Kolkata last date 27th Feb-2016: India Government Mint (A Unit of Secur... https://t.co/5sigqXpN2s
2016-01-30 23:20:40,UttarakhandJobs,Job vacancies in Quality Council of India last date 10th Feb-2016:  Quality Council of India (QCI)  Institute ... https://t.co/A2tdcFTjw7
2016-01-30 19:29:39,UttarakhandJobs,UPSSSC Village Development Officer vacancy last date 10th Feb-2016:  Uttar Pradesh Subordinate Services Select... https://t.co/Oli6Muk2fS
2016-01-30 19:29:38,UttarakhandJobs,Faculty positions in IIITM Gwalior last date 29th Feb-2016: Atal Bihari Vajpaee (ABV)Indian Institute of Infor... https://t.co/lR18ZOy14G
2016-01-30 11:00:27,UttarakhandJobs,Job vacancies by Himachal PSC last date 27th Feb-2016: Himachal Pradesh (HP) Public Service Commission (PSC)Ni... https://t.co/i9NLYMD64d
2016-01-30 11:00:27,UttarakhandJobs,HPPSC Himachal Administrative Service Examination 2015 last date 11th Feb-2016: Himachal Pradesh (HP) Public S... https://t.co/S2eg4CUAEg
2016-01-27 19:10:41,UttarakhandJobs,Faculty vacancy in IGIMS Patna last date 16th Feb-2016: Indira Gandhi Institute of Medical Sciences (IGIMS)She... https://t.co/Dkl9xwK9O2
2016-01-27 19:10:40,UttarakhandJobs,Job vacancy in WBSETCL Feb-2016:  West Bengal State Electricity Transmission Company Limited (WBSETCL)  (A Gov... https://t.co/Hp9NFQeXZi
2016-01-26 08:11:08,UttarakhandJobs,Deputy Engineer vacancy in BEL Hyderabad last date 20th Feb-2016:   BHARAT ELECTRONICS LIMITED (BEL) (A Govt. ... https://t.co/ib7bVKtOl4
2016-01-26 04:17:44,UttarakhandJobs,Pharmacist vacancy in CMSS last date 28th Feb-2016: Central Medical Services Society (CMSS)Ministry of Health ... https://t.co/AuhVmZTLfQ
2016-01-26 04:17:44,UttarakhandJobs,Recruitment Application Fee has increased many times: Those who are candidates for Government Jobs (Sarkari Na... https://t.co/tIa5FJgLVt
2016-01-25 00:09:41,UttarakhandJobs,Scientist-B vacancy in ICFRE last date 22nd March-2016: Indian Council of Forestry Research and Education (ICF... https://t.co/V4IApKDpvE
2016-01-25 00:09:41,UttarakhandJobs,SSB Para-Medical and other vacancies last date 22nd Feb-2016: Government of India / Ministry of Home AffairsDi... https://t.co/jtnY9uWLLO
2016-01-24 16:18:58,UttarakhandJobs,Faculty vacancy in VNIT Nagpur last date 1st Feb-2016:  Visvesvaraya National Institute of Technology (VNIT)So... https://t.co/HSDGLMHrdE
2016-01-24 16:18:57,UttarakhandJobs,Non – Supervisory  Positions in CIPET Lucknow last date 15th Feb-2016: Central Institute of Plastics Engineeri... https://t.co/3dIldelZsB
2016-01-22 00:58:35,UttarakhandJobs,"Job vacancy in Kochi Metro Rail  last date 10th Feb-2016: Kochi Metro Rail Limited  (KMRL)8th Floor, Revenue T... https://t.co/nPZidShRwo"
2016-01-22 00:58:34,UttarakhandJobs,Vacancy of Directors in newly created IIMs last date 8th Feb-2016: Government of India / Ministry of Human Res... https://t.co/24edlSUoRC
2016-01-20 23:41:39,UttarakhandJobs,Navik vacancy in Indian Coast Guard last date 29th Jan-2016: Indian Coast Guard(Ministry of Defence) Coast Gua... https://t.co/uiD1ieoBAc
2016-01-20 23:41:38,UttarakhandJobs,Special Drive for PwD in EXIM Bank last date 27th Jan-2016:   Export-Import Bank of India (Exim Bank) MumbaiPu... https://t.co/BzC78kIBzl
2016-01-19 19:36:52,UttarakhandJobs,Faculty vacancy in IIT Kanpur last date 20th Feb-2016: Indian Institute of Technology (IIT)  KanpurKanpur - 20... https://t.co/4TuiKHnyQE
2016-01-19 19:36:52,UttarakhandJobs,Job positions in Uttarakhand Power Corporation last date 15th Feb-2016: Uttarakhand Power Corporation Limited ... https://t.co/UPTBNCBL9s
2016-01-18 21:18:26,UttarakhandJobs,OCES and DGFS 2016 for  Engineering and Science Graduaes by BARC last date 7th Feb-2016: Government of IndiaBh... https://t.co/L8hqrOtILn
2016-01-18 21:18:25,UttarakhandJobs,Job posts in CSIR CLRI Chennai last date 16th Feb-2016: Central Leather Research Institute (CLRI)(Council of S... https://t.co/5P769LxrXU
2016-01-16 18:54:32,UttarakhandJobs,Sub-Divisional Engineer vacancy in Punjab Irrigation Department last date 7th Feb-2016: Department of Irrigati... https://t.co/wmMa7QPImk
2016-01-16 18:54:31,UttarakhandJobs,ITBP Assistant Commandant Engineer vacancy last date 22nd Feb-2016: Indo-Tibetan Border Police Force (ITBP)Min... https://t.co/VI3rhMtotT
2016-01-16 07:02:48,UttarakhandJobs,UPSC Special Vacancy No. 51 of 2016 for various Job posts:   Union Public   Service Commission   (UPSC)   Shah... https://t.co/lZbTmB8vvj
2016-01-16 07:02:47,UttarakhandJobs,UPSC Indian Economic and Statistical Service Examination 2016: UNION PUBLIC SERVICE COMMISSION (UPSC)Dholpur H... https://t.co/gej3Bu9fYb
2016-01-16 03:27:58,UttarakhandJobs,CEPTAM 08 for various job posts in DRDO Laboratories last date 8th Feb-2016: Ministry of DefenceDefence Resear... https://t.co/01ZJxbmfAL
2016-01-16 03:27:58,UttarakhandJobs,Project Engineer vacancy in CDAC Chennai last date 29th Jan-2016: Canter for Development of Advance Computing ... https://t.co/beS52cfCmj
2016-01-14 19:16:50,UttarakhandJobs,Central Bank of India Credit Officer Chartered Accountant vacancy last date 30th Jan-2016:  Central Bank of In... https://t.co/bIHfPsf0EZ
2016-01-14 19:16:50,UttarakhandJobs,Telangana PSC Agriculture Extension Officer  vacancy last date 25th Jan-2016: Telangana State Public Service C... https://t.co/eOM5ie6yPc
2016-01-13 23:14:03,UttarakhandJobs,IOCL Panipat Refinery Engineering Assistant Job posts last date 25th Jan-2016:   Indian Oil Corporation Ltd. (... https://t.co/TaHN2PFwq9
2016-01-13 23:14:02,UttarakhandJobs,Faculty vacancy in IIM Rohtak last date 17th Feb-2016: Indian Institute of Management (IIM) Rohtak M.D Univers... https://t.co/rUJv75P24t
2016-01-12 23:09:36,UttarakhandJobs,Faculty vacancy in Ravenshaw University Odisha last date 2nd Feb-2016: Ravenshaw UniversityCuttack (Odisha)Pub... https://t.co/mvQMAVShkB
2016-01-12 23:09:35,UttarakhandJobs,Faculty job posts in IIIT Naya Raipur last date 8th Feb-2016:  Dr. Shyama Prasad Mukherjee International Insti... https://t.co/QfuQhfG0qW
2016-01-12 07:01:25,UttarakhandJobs,"UP PSC  Combined State  Upper Subordinate Services Examination  2016:    Public Service Commission, Uttar Pra... https://t.co/E561xj988N"
2016-01-12 07:01:25,UttarakhandJobs,Technical posts in Indian Agricultural Research Institute last date 5th Feb-2016: Indian Agricultural Research... https://t.co/SFYgNUEEvl
2016-01-10 19:52:20,UttarakhandJobs,Faculty posts in NIMHANS Bengaluru last date  20th Feb-2016:  National Institute Of Mental Health &amp; Neuro Scie... https://t.co/ZyAzoZx138
2016-01-10 15:52:24,UttarakhandJobs,Rajasthan PSC Senior Teacher vacancy last date 21st Feb-2016: Rajasthan Public Service Commission (RPSC)Ajmer ... https://t.co/fYqWK0uop7
2016-01-10 15:52:24,UttarakhandJobs,"Job vacancy in ILBS Delhi last date 5th Feb-2016: Institute of Liver &amp; Biliary Sciences (ILBS) D-1, Vasant Kun... https://t.co/foPFAZ6oRz"
2016-01-09 20:55:42,UttarakhandJobs,Faculty posts in All India Institute of Ayurveda last date 30th Jan-2016: All India Institute of Ayurveda (AII... https://t.co/t8ys5vcnF9
2016-01-09 09:14:09,UttarakhandJobs,Special Drive in AIIMS Jodhpur contract posts last date 21st Jan-2016:   All India Institute of Medical Scienc... https://t.co/HlhYeKQUzQ
2016-01-09 09:14:09,UttarakhandJobs,Walk-In at AIIMS Rishikesh various jobs in Jan-2016:   All India Institute of Medical Sciences (AIIMS)Virbhadr... https://t.co/89PxKPdDdu
2016-01-09 01:44:35,UttarakhandJobs,Job posts in Maharaja Chhatrasal Bundelkhand University last date 21st Jan-2016: Maharaja Chhatrasal Bundelkha... https://t.co/hdzziaXQOI
2016-01-09 01:44:35,UttarakhandJobs,"UPPSC Assistant Conservator  of Forest Examination – 2015 last date 30th Jan-2016:  Public Service Commission,... https://t.co/RhNS14dWke"
2016-01-08 01:46:03,UttarakhandJobs,UPPCL Technician Trainee Electrical  vacancy last date 5th Feb-2016: Government of Uttar Pradesh     Electrici... https://t.co/C1Unj4GADy
2016-01-07 21:56:16,UttarakhandJobs,NBCC Management Trainee Civil vacancy last date 30th Jan-2016: National Buildings construction Corporation (NB... https://t.co/ms3QATwoAJ
2016-01-07 21:56:15,UttarakhandJobs,Associate Professor vacancy in IIT Roorkee last date 20th Jan-2016: Indian Institute of Technology (IIT) Roork... https://t.co/v1b6Xeq05i
2016-01-06 01:44:44,UttarakhandJobs,Job posts in National Institute of Biomedical Genomics last date 29th Feb-2016: National Institute of Biomedic... https://t.co/DBHEwoJYkU
2016-01-06 01:44:44,UttarakhandJobs,Rolling Faculty posts in IIITM Gwalior: Atal Bihari Vajpaee (ABV)Indian Institute of Information Technology &amp; ... https://t.co/bhtxjAMNEs
2016-01-05 17:49:11,UttarakhandJobs,Technical Worker Jobs in  Heavy Engineering Corporation last  date 19th Jan-2016: Heavy Engineering Corporatio... https://t.co/GEMt14tky4
2016-01-05 17:49:11,UttarakhandJobs,ITI and Diploma Trainee posts in Heavy Engineering Corporation last date 1st Feb-2016: Heavy Engineering Corpo... https://t.co/PSApkk5eOZ
2016-01-05 01:34:18,UttarakhandJobs,Vizag Steel  Special Recruitment Drive last date 20th Jan-2016:   VISAKHAPATNAM STEEL PLANT (VSP) (Vizag Steel... https://t.co/WNtqL1Uqbf
2016-01-05 01:34:18,UttarakhandJobs,Consultant vacancy in DDA on contract last date  18th Jan-2016: Delhi Development Authority (DDA)Personnel Bra... https://t.co/D2mqrO24Q4
2016-01-04 09:22:22,UttarakhandJobs,Junior Trainee posts in Vizag Steel last date 15th Jan-2016: VISAKHAPATNAM STEEL PLANT (VSP) (Vizag Steel)Rash... https://t.co/HpOR9TIjOz
2016-01-04 09:22:22,UttarakhandJobs,Junior Engineer posts in UUSDIP last date 16th Jan-2016: Uttarakhand Urban Sector Development Investment Progr... https://t.co/kNXLWiIRCa
2016-01-02 23:15:40,UttarakhandJobs,Constable Recruitment in UP Police Jan-2016: Government of  Uttar Pradesh (UP)Uttar Pradesh Police Recruitment... https://t.co/UwNWMvxWlW
2016-01-02 15:29:56,UttarakhandJobs,Special Recruitment Drive in NEEPCO last date 17th Jan-2016: North Eastern Electric Power Corporation Limited ... https://t.co/mmKkx0Xexl
2016-01-02 03:31:01,UttarakhandJobs,AIIMS Bhubaneswar Special Drive for Staff Nurse post last date 5th Feb-2016:   All India Institute of Medical ... https://t.co/WUwN0RTfFp
2016-01-02 03:31:00,UttarakhandJobs,Faculty vacancy in Anand Agricultural University last date 30th Jan-2016:   Anand Agricultural University (AAU... https://t.co/ceOx0KahjM
2015-12-31 19:47:14,UttarakhandJobs,VTU Belagavi Faculty Special Recruitment Drive  last date 30th Jan-2016:  Visvesvaraya Technological Universit... https://t.co/OWtyMuGTEW
2015-12-31 19:47:13,UttarakhandJobs,Faculty vacancy in PG Centres in Visvesvaraya Technological University last date 30th Jan-2016:  Visvesvaraya ... https://t.co/3X26dErpmX
2015-12-31 11:50:44,UttarakhandJobs,BGSBU Rajouri Faculty posts last date 20th Jan-2016: Baba Ghulam Shah Badshah (BGSB) UniversityRajouri (J&amp;K) -... https://t.co/yLPcpRCa04
2015-12-31 00:17:51,UttarakhandJobs,Faculty and other posts in BGSBU Rajouri last date 16th Jan-2016: Baba Ghulam Shah Badshah (BGSB) UniversityRa... https://t.co/IM24CqbxC5
2015-12-30 16:27:53,UttarakhandJobs,Punjab PSC Lecturer Technical Education vacancy last date 20th Jan-2016: Punjab Public Service Commission (PPS... https://t.co/2DPexP6aEu
2015-12-30 16:27:52,UttarakhandJobs,Assistant Professor vacancy in NIT Srinagar last date 15th Feb-2016:  NATIONAL INSTITUTE OF TECHNOLOGY (NIT)Ha... https://t.co/ohnOcYaqDB
2015-12-30 08:27:43,UttarakhandJobs,Union Bank Development Leader vacancy last date 2nd Jan-2016: Union Bank of India     (A Government of India U... https://t.co/4YkYx1uxBm
2015-12-30 08:27:42,UttarakhandJobs,Airport Authority Junior Executive ATC vacancy last date 30th Jan-2016: Airport Authority of India (AAI)   Raj... https://t.co/fGYpVuzled
2015-12-29 09:13:16,UttarakhandJobs,MP PSC District Public Prosecution Officer recruitment last date 13th Feb-2016:  Madhya Pradesh Public Service... https://t.co/v8wxQckCD0
2015-12-29 09:13:16,UttarakhandJobs,"Manager Job posts in  Chennai Port Trust 23rd Jan-2016:  Chennai Port Trust / Port of Chennai 1, Rajaji Salai,... https://t.co/6zsPQyH0DU"
2015-12-27 19:03:54,UttarakhandJobs,RVSKVV  Faculty and other Job posts last date 1st Feb-2016: Rajmata Vijayaraje Scindia Krishi Vishwa Vidyalaya... https://t.co/mX94sLt277
2015-12-27 11:17:30,UttarakhandJobs,Mizoram University Faculty and other Job posts last date 1st Feb-2016: Mizoram University(A Central Unversity)... https://t.co/J1NE67fs1O
2015-12-27 11:17:30,UttarakhandJobs,Job posts in Hindustan Insecticides Limited  last date 14th Jan-2016: Hindustan Insecticides Limited (HIL) (A ... https://t.co/HZsyJjigch
2020-01-01 12:19:02,JobsinSidcul,BTC 2020 https://t.co/B2AwcFla0G Documents Required in UP BTC Counselling 2020 https://t.co/xYkLNu51uI
2020-01-01 12:19:02,JobsinSidcul,"Uttarakhand Anganwadi Jobs Worker in Gopeshwar, Chamoli, Helpers &amp; Mini Worker Recruitment 2020 https://t.co/p8UTPO4cC9"
2020-01-01 12:19:01,JobsinSidcul,Govt Jobs in Uttarakhand Patwari &amp; Lekhpal Recruitment 2020 https://t.co/0DgLbvNIIJ
2018-09-30 16:09:03,JobsinSidcul,UP BTC 2019 know Your State Rank of UP D.El.Ed. 2019 cut off marks https://t.co/pFJemuhDCI
2018-09-30 11:45:01,JobsinSidcul,UPTET Answer Key 2018 @upbasiceduboard.gov.in @ 4 Nov 2018 Ans sheet https://t.co/RmFZeFk2Gl
2018-06-13 17:57:04,JobsinSidcul,Jobs After Class 12th https://t.co/AYtTMOrRgN
2018-01-28 10:08:05,JobsinSidcul,Uttarakhand Roadways Conductor Result 2018 UTC Roadways परिचालक https://t.co/2f8J4YLuuD
2018-01-21 20:02:03,JobsinSidcul,Swami Rama Himalayan University Recruitment 2018 https://t.co/JjGicso0Nq Jobs https://t.co/vsGKrfIxDc
2018-01-21 20:02:03,JobsinSidcul,PSEB 12th result 2018 Punjab Board 12 merit list https://t.co/vIPrP2YdLS toppers class XII results https://t.co/Nsq7qb5ll6
2017-11-14 06:55:04,JobsinSidcul,Walk -in Interview Urgent Required Female Candidates For Online Travel Packages Sale... Jobs in Haridwar https://t.co/PoOuNx3ygm
2017-07-10 04:40:36,JobsinSidcul,"Prince Pipes &amp; Fittings Pvt. Ltd. WALK - INS FOR SR. EXECUTIVE/ EXECUTIVE ADMIN ON 15TH JULY, 2017 https://t.co/dyqjar3Ico"
2017-07-05 23:30:41,JobsinSidcul,Top Medical Colleges in India and UGC NET 2018 https://t.co/YkrgF8VAao
2017-06-27 05:54:06,JobsinSidcul,"Latest Upcoming Bank Jobs 2017-2018 SBI, ICICI, HDFC, IDBI, Axis Bank https://t.co/KqPE6iIoZe"
2017-05-28 06:12:04,JobsinSidcul,CBSE Class 12th Results 2017 - 28 May 2017 @@Declared#^ : check here https://t.co/BzQ3kDQtkA
2017-05-21 12:54:46,JobsinSidcul,https://t.co/uBxFJfO1OD CBSE board 10th result 2017 class X results https://t.co/tCZeIaaSiS
2017-05-21 12:23:04,JobsinSidcul,"JEE Advanced Answer Key 2017 With Solutions {All Sets}– 21 May Paper 1,2 https://t.co/BwqFhSQsD2"
2017-05-20 19:45:03,JobsinSidcul,"Digitize India Platform? | Online Data Entry Jobs, Earn Money through DIP Government Portal: Modi ji launched https://t.co/OGYWGScexy"
2017-05-07 13:21:03,JobsinSidcul,Store Manager / Executive Jobs in Nature's Essence Pvt. Ltd. Haridwar https://t.co/f8rhG1UMwx
2017-05-07 13:21:03,JobsinSidcul,BTC 2016 : UP Primary Teacher Recruitment 2016:Last date 11-July-2017 https://t.co/sF2CSws0Hr
2017-05-07 13:21:02,JobsinSidcul,BTC 2016 Counselling final Merit List 2016 - https://t.co/DVMazNLwWy Counseling https://t.co/mpCjc3m4tM
2017-05-07 11:43:04,JobsinSidcul,NEET Answer Key 2017 (All Sets) with Solutions – Download Now! https://t.co/jtWruwzVfy
2017-02-08 16:42:03,JobsinSidcul,8097 Patanjali Vacancy patanjali.ayu.college@gmail.com 2017 Apply from here https://t.co/H8IIEW1ciI
2017-02-04 14:45:03,JobsinSidcul,"2nd Shift GATE 4th Feb Answer Key 2017, ME-AG-GG Questions Papers Analysis https://t.co/YseFFADTSJ"
2016-12-24 10:05:33,JobsinSidcul,Walk -in Travel Packages Sales &amp; Marketing jobs in Haridwar Openings - 02@www.Chardhampakages.in https://t.co/LHpkCyqU1h
2016-07-12 15:39:40,JobsinSidcul,"Recruitment in WII 2016 Project Assistant, Associate &amp; Fellow Jobs in Dehradun@www.wii.gov.in https://t.co/0QrcTFYirQ"
2016-07-09 12:31:46,JobsinSidcul,Recruitment 2016 Walk-In-Interview Senior Project Officer &amp; Project Officer in NIH Roorkee@www.nihroorkee.gov.in https://t.co/D4D8zLVYre
2016-07-05 15:31:10,JobsinSidcul,"Jobs in Dehradun Wildlife Institute of India Recruitment in Project Scientist, Assistant, Associate &amp; Fellow… https://t.co/QI3B7qPRSa"
2016-07-04 15:51:34,JobsinSidcul,Uttarakhand High Court Recruitment in Stenographer &amp; Personal Assistant jobs in… https://t.co/GfzjN1WRfL
2016-07-01 15:34:55,JobsinSidcul,Jobs In Haridwar Teaching &amp; Non-Teaching Recruitment in Gurukul Kangri Vishwavidhyalaya Haridwar@www.gkv.ac.in https://t.co/bZMbmC4NSu
2016-06-29 15:06:08,JobsinSidcul,Walk-In Interview Exp-1 to 3 Year JRF Recruitment in IIRS Dehradun@www.iirs.gov.in https://t.co/fKVG3rJWMu
2016-06-28 16:27:07,JobsinSidcul,PWD Dehradun Recruitment 2016 Job Post Programmer @www.pwd.uk.gov.in https://t.co/8hBpKZCtIo
2016-06-23 14:45:07,JobsinSidcul,Walk-in-Interview 5th July 2016 Teachers &amp; LDC in Army Public School Almora (Uttarakhand)@www.icbse.com https://t.co/aTePjN7Y7X
2016-06-22 16:08:09,JobsinSidcul,BTC Cut of MERIT 2015 Details: by Category Cut of List BTC 2015-16 https://t.co/6ySRu1LU2N
2016-06-22 16:08:08,JobsinSidcul,BTC Colleges List Minority Quota in UP (Uttar Pradesh) - https://t.co/vHGVODXr52 https://t.co/tp7arNsKcB
2016-06-22 16:08:08,JobsinSidcul,https://t.co/vHGVODXr52 BTC Application Form Apply Online 2015-16 https://t.co/H9s7Jcljv3
2016-06-22 16:08:07,JobsinSidcul,"BTC Uttar Pradesh Merit List 2015-16, District Wise UP BTC Cut-off Marks, Results https://t.co/98J3s9X5dY"
2016-06-22 16:08:06,JobsinSidcul,UP BTC Merit List 2015-16 – Uttar Pradesh BTC 2015 Merit list cut off marks 2015 Check-BTC List at… https://t.co/gNyHw8pdRf
2016-06-22 15:01:04,JobsinSidcul,Urgent Recruitment 2016 Walk-in Doctors in ONGC Jobs in Dehradun@www.ongcindia.com https://t.co/Dl54xXQnUx
2016-06-22 03:10:17,JobsinSidcul,USAC Dehradun Recruitment in Senior Research Fellow Project Assistant &amp; Junior Research Fellow @www.u-sac.in https://t.co/ER7nHtfcz3
2016-06-20 15:49:33,JobsinSidcul,Assistant Prosecuting Officer 2016 Recruitment Openings - 26 UKPSC jobs in Haridwar (uttarakhand)-www.ukpsc.gov.in https://t.co/Q7sZB70GEX
2016-06-15 15:37:05,JobsinSidcul,2016 Recruitment Junior Research Fellow JRF in IIRS https://t.co/zCplUjYswm https://t.co/p5uYWWZEWW
2016-06-14 11:03:33,JobsinSidcul,Bharat Heavy Electricals Limited - BHEL Recruitment 2016: 94 Graduate &amp; Diploma Apprentice – Last Date 21-6-2016 https://t.co/EEYbKTM5Sb
2016-06-12 17:54:06,JobsinSidcul,Jobs Openigs SEO Content Writer Exp 1-3 Years in Cynoteck Technology Solutions Pvt Ltd. jobs in Dehradun… https://t.co/yILrtCyfIg
2016-06-10 18:44:09,JobsinSidcul,Operations - Manager Exp 3-4 years in https://t.co/2pZJdwNgF7 jobs in Dehradun- https://t.co/SHdVrTBYOS https://t.co/1jco2AKBjl
2016-06-10 17:49:49,JobsinSidcul,Current Recruitment Field Investigator in FOD Dehradun Openings - https://t.co/bQEFty7uip https://t.co/mK4oYEPSym
2016-06-09 17:09:09,JobsinSidcul,"https://t.co/ajipUbZ7tX Developer, HTML Cynoteck Technology Solutions Pvt Ltd. Openings-5 : Jobs in Dehradun Exp -… https://t.co/pEt0320mQq"
2016-06-08 17:00:34,JobsinSidcul,Openings 2 Assistant Manager - Customer Acquition - Counselor job location in dehradun - https://t.co/Wi4QCfKCz4 https://t.co/hHsZuIc9NM
2016-06-08 16:27:35,JobsinSidcul,"Teachers Vacancy PGT / TGT / PRT Jobs in Army School Lansdowne, Pauri (Uttarakhand) -www.apslansdowne.org https://t.co/OXyQBxWcV7"
2016-06-07 17:54:08,JobsinSidcul,"Jobs in Dehradun: UJVNL Recruitment Junior Engineer, Stenographer, Office Assistant, Technician &amp; Draftsman -… https://t.co/3XFSUQ24Qb"
2016-06-07 17:06:07,JobsinSidcul,Urgent Recruitment Clerk &amp; Ward Attendent in Shri Mahant Indresh Hospital (SMIH) : Jobs in Dehradun… https://t.co/b5MG23HJL0
2016-06-05 14:48:08,JobsinSidcul,Trainee Copy Editor ( Scientific Journals ) - Aptara Corporation - Jobs in Dehradun https://t.co/e5or6EQn7z https://t.co/OPLUentgxB
2016-06-05 14:13:03,JobsinSidcul,Jobs in Dehradun Nephrologist in Swami Rama Himalayan University Exp 1 Years to 3 Years https://t.co/iHO4stTkog https://t.co/0Nq7UDQZf5
2016-06-04 18:02:05,JobsinSidcul,Web Communication Developer (Dreamweaver Expert) EXP- 0 Years to 5 Years Jobs in Dehradun https://t.co/a780a1MQHx https://t.co/SDO4Xe4apo
2016-06-04 17:30:05,JobsinSidcul,Jobs in Dehradun BDE Web Application Development and Solutions Company Green Thumbs https://t.co/WWzx5mAZ0p https://t.co/glxc5nRw4k
2016-06-03 18:04:08,JobsinSidcul,Jobs in Dehradun: Wellness Concierge at Vanar Rtreats Experience 2 Yrs to 6 Yrs https://t.co/XIFmWQLbX9 https://t.co/WzKZKcvzhU
2016-06-03 17:49:05,JobsinSidcul,"Jobs Opening -10 RMO / JR - Max Super Speciality Hospital, in Dehradun https://t.co/h2D6VXQsbQ https://t.co/3H5i6n6W7m"
2016-06-02 16:34:07,JobsinSidcul,Urgent 10 Openings of Communications Developer WoW Jobs LC - jobs in dehradun- https://t.co/nYHEMUVshB https://t.co/HfDVlF69zw
2016-06-02 15:26:35,JobsinSidcul,Summer Internship Trainee / MGT.Trainee - Jobs in Dehradun Urgent Openings Fresher for https://t.co/12BmAHM2j2 https://t.co/slhmxDZAQl
2016-06-01 16:47:04,JobsinSidcul,Specialist Ayurveda jobs in Dehradun Vana Retreats (Exp: 2-4 Years) https://t.co/XIFmWQLbX9 https://t.co/KOEYuMvmFM
2016-06-01 16:16:05,JobsinSidcul,System Incharge jobs in Dehradun - Berger Paints India Ltd ( British Paints Div ) https://t.co/Jn2uCSXKOC https://t.co/o97jBKEAfu
2016-05-31 17:56:04,JobsinSidcul,Sales-executive IndiaMART InterMESH Ltd Exp:0-1 Years - jobs in Dehradun https://t.co/F8alyeU6nv https://t.co/cwk80sTehf
2016-05-31 16:19:07,JobsinSidcul,Associate Agency Development Manager jobs in Dehradun - Max Life Insurance Company Limited https://t.co/IX7g1phb8Z https://t.co/YYADLmEutW
2016-05-30 16:23:38,JobsinSidcul,Manager CRM &amp; Banking Relation Ecogreen Buildtech Pvt. ltd. - Jobs in Dehradun (Openings-2 https://t.co/YJOE0vC9EI
2016-05-30 15:51:05,JobsinSidcul,Job Openings Tata Consultancy Services - Opening in Dehradun https://t.co/gRplSnWMbf https://t.co/Aqvdoy6YuH
2016-05-29 07:17:09,JobsinSidcul,XML Paginator / Urgent Openings(20) in Aptara Corp - Jobs in Dehradun https://t.co/e5or6EQn7z https://t.co/qskerqdsfj
2016-05-29 06:20:05,JobsinSidcul,"Scrub Nurse-ortho &amp; OT, Max Super Speciality Hospital - Jobs in Dehradun(Openings 2) https://t.co/h2D6VXQsbQ https://t.co/XI9bMVsDhU"
2016-05-28 19:15:08,JobsinSidcul,Walk-in-Interview Project Assistant in CSIR-Indian Institute of Petroleum - Jobs in Dehradun https://t.co/X94wq4McEf
2016-05-28 18:35:05,JobsinSidcul,Front Office - Max Hospital Dehradun - Jobs in Dehradun https://t.co/h2D6VXQsbQ https://t.co/1PHybL5U8b
2016-05-26 15:46:05,JobsinSidcul,Kanishk Hospital: DM Gastro / DNB Gastro Doctors - Jobs in Dehradun https://t.co/Oyle2Zd4dR https://t.co/lBROJC0JFW
2016-05-26 15:27:34,JobsinSidcul,Assistant Purchase Manager in Vanar Rtreats - Jobs in Dehradun https://t.co/XIFmWQLbX9 https://t.co/YCjNH67cav
2016-05-25 16:54:05,JobsinSidcul,Executive- Operations in IndiaMART InterMESH Ltd. - jobs in dehradun https://t.co/umT8lWHcyV
2016-05-25 16:20:05,JobsinSidcul,"Assistant Director - sales in Upes,Opening (1) - Jobs in Dehradun https://t.co/xbhTlXPcQ9"
2016-05-24 16:42:11,JobsinSidcul,"Join Immediately - Section Officer in Upes, Jobs in Dehradun https://t.co/1TgegZ6qVe"
2016-05-24 15:39:12,JobsinSidcul,Content Writer Jobs in Dehradun https://t.co/TynuGW04Co
2016-05-14 07:14:33,JobsinSidcul,PSEB 12th result 2016 Punjab Board 12 merit list https://t.co/vIPrP2YdLS toppers class XII results https://t.co/uwW6ciAbKY
2016-05-14 06:12:06,JobsinSidcul,CBSE Class 12th Results 2016 - Check Online your Results Free https://t.co/scXFkhMqoq
2016-05-14 06:12:04,JobsinSidcul,https://t.co/uBxFJfO1OD CBSE board 10th result 2016 class X results https://t.co/WwHOiTprVb
2016-05-05 16:12:09,JobsinSidcul,Swami Rama Himalayan University Recruitment 2016 https://t.co/JjGicso0Nq Jobs https://t.co/qilRBYuj6m
2016-05-05 15:38:08,JobsinSidcul,Tula's Institute Dehradun Recruitment 2016 Prof./assoc Prof./asstt. Prof.- B.Sc (agriculture) &amp; B.Sc (forestry) https://t.co/Eun6hwCAKa
2016-05-05 15:05:06,JobsinSidcul,Php Developer Jobs in dehradun at E Web Guru Experience 1 to 4 years https://t.co/wNbuG4qeXU
2016-05-05 04:52:05,JobsinSidcul,5th May 2016 Walk-in Interview for Cabin Crew- Dehradun https://t.co/h7YluVOwaf
2016-05-01 16:05:34,JobsinSidcul,Technical Writer Jobs in Dehradun (automobile/mechanical Engineers) https://t.co/JSp1TQRYYj
2016-04-30 21:58:08,JobsinSidcul,Relationship Manager Vacancy in Dehradun at Bonanza Portfolio Ltd https://t.co/8BO8PxrT8t
2016-03-20 11:50:09,JobsinSidcul,Upcoming Army Rally 2016 - Kumaon Regiment Bharti Rally in Ranikhet on 01 April https://t.co/QDa31rf6RL
2016-03-20 10:44:37,JobsinSidcul,Company Secretary Jobs in Dehradun at Malsi Estates Limited https://t.co/RanB0Atcxf
2016-03-20 10:44:37,JobsinSidcul,Executive Assistant / Secretary Jobs in Dehradun at Vana Retreats Exp 1 to Years https://t.co/g0akgAYXBb
2016-03-01 09:50:06,JobsinSidcul,"Walk in Interview in Noida Sector 3 for Freshers, Graduates passouts https://t.co/Zh5vVv3sx0"
2016-02-08 16:29:33,JobsinSidcul,Microbiologist and IP QA Manager Jobs in Sidcul haridwar at Zaneka Healthcare Pvt. Ltd. https://t.co/GM9Yt6S97p
2016-02-08 16:29:33,JobsinSidcul,Akums Haridwar Hiring 2016 Officer - Quality Control ( QC) for Haridwar https://t.co/a2ENi6EUXq
2016-02-08 15:56:05,JobsinSidcul,Supertech Group hiring Assistant Manager / Sr. Executive For Dehradun &amp; Haridwar https://t.co/fmHQxX2HSJ
2016-02-08 15:35:07,JobsinSidcul,Walkin Interview at Indian Council of Forestry Research and Education for Junior Consultant and Senior Consultant https://t.co/HRhveBMcrc
2016-02-07 17:34:07,JobsinSidcul,Senior Design Engineer Jobs in Sidcul Haridwar at Kumar Auto Sales https://t.co/vK9cGazqeS
2016-02-07 17:34:06,JobsinSidcul,Finance Manager Jobs in Sidcul Haridwar at Sarovar Hotels Pvt. ltd. https://t.co/ay9oOxEGGz
2016-02-07 17:34:05,JobsinSidcul,Jobs in Ecommerce Startup in Dehradun for Technical Co-founders https://t.co/yVpuC1l8uz
2016-02-07 16:29:34,JobsinSidcul,"Regional Sales Manager Super Six Products Pvt. Ltd.,Uttar Pradesh https://t.co/FiLOv8S08Z"
2016-02-04 18:47:08,JobsinSidcul,https://t.co/EsMwmtWIWW 150 Women 2016 Sub Inspector Recruitment in Uttarakhand Police https://t.co/uqb5GCv7TW
2016-02-04 18:47:08,JobsinSidcul,Government Medical College Srinagar Vacancies in 2016 https://t.co/aQn96GBvyh https://t.co/tKpzAmnYP7
2016-02-04 18:47:06,JobsinSidcul,https://t.co/8oAuZJ3ojh ICFRE Dehradun Recruitment 2016 Director General Recruitment https://t.co/SJ1hK5ygh4
2016-01-16 10:51:03,JobsinSidcul,IBPS Clerk Result 2016 for CWE 5 Mains Score Card Available ibps.in https://t.co/01gsdAoWs8
2016-01-13 03:34:02,JobsinSidcul,HR Generalist Jobs in Dehradun with Excellent Excel Skills in MNC https://t.co/U1PA2OfamB
2015-12-25 16:43:03,JobsinSidcul,Web Designer Jobs in Dehradun at SVS Health Care Pvt ltd https://t.co/2dTGgYMiRx
2015-12-25 15:09:33,JobsinSidcul,English Teacher Jobs in Dehradun at Kasiga School https://t.co/MsCWFq6Esv
2015-12-25 14:44:02,JobsinSidcul,Software Developer Jobs in Dehradun at Zebec Software Technologies Private Limited https://t.co/14w9YmeIr2
2015-12-10 14:35:03,JobsinSidcul,"ITI Fitter Jobs 2016 Railway,Government iti Vacancy https://t.co/DZ9AF5KCHl"
2015-11-20 16:12:02,JobsinSidcul,Technical Trainer Jobs in Roorkee for https://t.co/04OccE4Lub -Urgent Recruitment https://t.co/W7P1Iq5J9D
2015-11-17 09:43:04,JobsinSidcul,"Urgent Requirement for https://t.co/6349LcciIK ,BCA,MCA,MBA Freshers Candidates in IT Company Haridwar https://t.co/AOgHzHqaAU"
2015-11-03 07:29:02,JobsinSidcul,Army Recruitment Rally Uttarakhand Garhwal Rifles Recruitment Rally in Lansdowne from 01 Dec 2015 https://t.co/7kVoLTCCX3
2015-11-02 12:35:10,JobsinSidcul,Deputy Manager - Commercial Luminaires Vacancy in Dehradun at HPL India Ltd. https://t.co/jYBJ7jq8yu
2015-11-02 12:06:07,JobsinSidcul,Relationship Manager Vacancy in Dehradun at Bonanza Portfolio Ltd https://t.co/363zkKbiPm
2015-11-02 12:06:05,JobsinSidcul,"Accountant Jobs in Dehradun,Uttarakhnd 2015 at SVS Health Care https://t.co/fowgyQs88g"
2015-11-02 12:06:04,JobsinSidcul,Graphic/web Designer Jobs in Dehradun at SVS HEALTH CARE PVT LTD https://t.co/OQtgNGVks8
2015-10-31 13:33:13,JobsinSidcul,#DiwaliWithMi - ₹1 Flash Sale https://t.co/zk2VcFkUjA
2015-10-31 07:04:04,JobsinSidcul,"Microland Limited Recuitment Desktop Support Engineer Jobs in Sidcul Haridwar , Uttarakhand https://t.co/5B9ndxQtcj"
2015-10-30 18:05:02,JobsinSidcul,Walkin for Agency Manager and Relationship Manager at IDBI Federal Life Insurance Co. Ltd. https://t.co/rSuwrrCtCa
2015-10-30 16:30:03,JobsinSidcul,Walk in interview Indigo Ground Staff for Dehradun Airport 2015 https://t.co/htp1L6SqwS
2015-10-29 05:43:03,JobsinSidcul,Jail Guards Recruitment 2015 in Uttarakhand Jails 400 Bandi Rakshak https://t.co/51tV3dhaSv
2015-10-28 15:50:03,JobsinSidcul,Senior Engineers / Assistant Manager - Sales at KONE Elevator India Pvt. Ltd https://t.co/JUEX8ibjGH
2015-10-28 06:56:01,JobsinSidcul,Freshers Jobs in Haridwar for Any Graduate in Syscomm International https://t.co/OTOTrpOhpm
2015-10-27 16:48:04,JobsinSidcul,Govt Jobs in Uttarakhand Patwari &amp; Lekhpal Recruitment 2015 https://t.co/f0SuzeZmi9
2015-10-23 14:28:34,JobsinSidcul,Jobs in Haridwar For Sales &amp; Marketing Executive and Customer Care Representative https://t.co/uPM93VeCSQ
2015-10-23 14:01:07,JobsinSidcul,"Uttarakhand 90 Anganwadi Worker in Gopeshwar, Chamoli, Helpers &amp; Mini Worker Recruitment 2015 https://t.co/C0VJTZbGxH"
2015-10-22 14:37:14,JobsinSidcul,Uttarakhand Civil Judge (JD) Recruitment 2015 https://t.co/RVQ8w1pKc0 https://t.co/GBHWFOPCm7
2015-10-22 14:28:03,JobsinSidcul,Senior Manager &amp; Junior Officer Recruitment in Balmer Lawrie Uttarakhand https://t.co/63jonIokqL
2015-10-22 13:55:33,JobsinSidcul,( Walk-in from Monday to Friday) XML Programmer 11am- 4pm Dehradun at Aptara https://t.co/uiIQ8P3Qei
2015-10-08 17:01:03,JobsinSidcul,Front Office Executive Jobs in Haridwar at Vita Bella Ventures 2015 http://t.co/kLEXWzDVCp
2015-10-08 16:29:46,JobsinSidcul,Manager / Sr. Manager - Legal (LLB with B. Pharma ) for Haridwar Akums Drugs &amp; Pharmaceuticals Limited http://t.co/XQ2kTIbhtk
2015-10-08 16:23:05,JobsinSidcul,Accounts Teacher Jobs in Dehradun at Kasiga School Uttarakhand 2015 http://t.co/WUUyxwQaYB
2015-10-08 16:23:04,JobsinSidcul,Secretary Jobs in Dehradun at Kasiga School Uttarakhand 2015 http://t.co/NUMIPqdTIS
2015-10-08 16:23:04,JobsinSidcul,"HOD Math Jobs in Kasiga School Dehradun, Uttarakhand 2015 http://t.co/PFe5V7AzA5"
2015-10-08 15:50:06,JobsinSidcul,Academic Head CIE Jobs in Dehradun at Kasiga School Uttarakhand 2015 http://t.co/vDYjnmX5Wj
2015-10-08 15:50:05,JobsinSidcul,Primary Teacher Jobs in Dehradun at Kasiga School - http://t.co/1gBjUbyNdU http://t.co/FG8VNVgmRu
2015-10-08 15:18:04,JobsinSidcul,"Senior Art Teacher Jobs in Kasiga School dehradun , Uttarakhand http://t.co/XQeu6RsZyj"
2015-10-07 14:46:05,JobsinSidcul,"Science Lecturer jobs for B.ed. College in Dehradun, Uttarakhand http://t.co/21sEX9qG0k"
2015-10-07 14:46:05,JobsinSidcul,Commerce Lecturer Recruitment for Teaching UGC NET Commerce Subjects. http://t.co/z5sPZSYqLC
2015-10-07 14:46:04,JobsinSidcul,Jobs in Dehradun for Principal for B.ed. College in Dehradun http://t.co/GZv8ztvGAn
2015-10-07 14:46:04,JobsinSidcul,Relationship Manager Jobs in Dehradun - Urgent Opening http://t.co/Enl3bRNaBA
2015-10-07 14:13:04,JobsinSidcul,Assistant Sales Manager and Senior Sales Manager Jobs in Dehradun http://t.co/9pHeuBN3tB
2015-10-07 14:13:03,JobsinSidcul,"Vice Chancellor jobs in Dehradun , Uttarakhand at Himgiri Zee University http://t.co/7zRf3pkvE4"
2015-09-28 16:09:03,JobsinSidcul,"Jobs in Marketing field in Alkush Ind Pvt. Ltd Sidcul Haridwar , Uttarakhand http://t.co/H1mcdRKcIl"
2015-09-28 15:59:02,JobsinSidcul,"Government Jobs in Uttarakhand for Storekeeper,Clerk,Fireman,Machinist,Examiner(E),Optical Worker http://t.co/r6V2TdpDoY"
2015-09-19 04:32:33,JobsinSidcul,Senior Web Developer Jobs in Dehradun at Online Dehradun http://t.co/DRb6K2qUWO http://t.co/0iwZEWzshc
2015-09-19 04:01:37,JobsinSidcul,Walkin Interview Graphic Designer &amp; Illustrator Jobs in Dehradun at WT IT SOLUTIONS P LTD http://t.co/9PBCXKdspg
2015-09-19 04:01:35,JobsinSidcul,"Software Developer for http://t.co/ajipUbZ7tX in Dehradun, Uttarkhand at Garhwal Taxi Service Pvt. Ltd. http://t.co/G4OW3pEybP"
2015-09-19 04:01:34,JobsinSidcul,Android Developer Jobs in Dehradun at Garhwal Taxi Service Pvt. Ltd. http://t.co/Z5vH02fCeK
2015-09-19 04:01:33,JobsinSidcul,"SelaQui International School ART Teacher,Social Studies,General Science,Craft http://t.co/ZBq1tnRESd"
2015-09-04 09:01:34,JobsinSidcul,"Vacancies in Rusan Pharma Ltd Dehradun for Officer - Stores,Sr. Executive- Liquid http://t.co/NquzOwUefU"
2015-09-04 04:50:03,JobsinSidcul,Assistant Manager Sales Jobs in Dehradun at University of Petroleum and Energy Studies http://t.co/w8XrSO1y53
2015-09-03 07:19:34,JobsinSidcul,"BTC Uttar Pradesh Merit List 2014, District Wise UP BTC Cut-off Marks, Results http://t.co/av6FOn39OC"
2015-09-03 07:19:33,JobsinSidcul,UP BTC Merit List 2014-15 – Uttar Pradesh BTC 2014 Merit list cut off marks 2014 Check-BTC List at… http://t.co/vyTQgkGdm2
2015-09-02 04:44:02,JobsinSidcul,"SelaQui International School French Teacher , German Teacher , Biology http://t.co/xDyrAPHbmf"
2015-09-02 04:13:03,JobsinSidcul,Unit Manager &amp; Asst Unit Manager Jobs in Dehradun at Bikanervala Foods (P) Ltd. http://t.co/8CP5uB5ldW
2015-09-02 04:03:33,JobsinSidcul,Senior Executive Jobs in Examination Department University of Petroleum &amp; Energy Studies (UPES) http://t.co/Z4xvTPAfLw
2015-09-02 03:42:04,JobsinSidcul,Walkin interview in Dehradun for Agency Manager in IDBI Federal http://t.co/tycDufWl3e
2015-08-31 04:31:32,JobsinSidcul,"Indian Army Recruitment Rally 2015 in Nainital (Kumaon Region) GD, Soldier Technical, Soldier Clerk, Soldier… http://t.co/bwpPeg07rA"
2015-08-30 16:24:03,JobsinSidcul,Team Leader Jobs in Sidcul Dehradun Uttarakhand Vana Retreats http://t.co/Z1cr35AYsq
2015-08-30 15:53:03,JobsinSidcul,Manager Jobs in Pharma Company Dehardun at Rusan Pharma Ltd - Dehradun http://t.co/f9tnUDaOvw
2015-08-16 16:33:10,JobsinSidcul,Branch Manager Jobs in Dehradun at NJ Group Uttarakhand http://t.co/xdYGcrSBqQ
2015-08-16 16:19:33,JobsinSidcul,Digital Sales Executive Jobs in Dehradun at Elegant Auto Accessories http://t.co/Jb2EZtTJOR
2015-08-16 16:19:33,JobsinSidcul,Public Relations Interns Jobs for Female in WT IT SOLUTIONS P LTD http://t.co/VuR42E3Lch
2015-08-16 15:47:03,JobsinSidcul,Mobile Developers Jobs in Dehradun for Junior and Fresher at WT IT SOLUTIONS P LTD http://t.co/ERTTDbD8lV
2015-08-14 07:31:01,JobsinSidcul,Fresher SEO Trainee Jobs in Syscomm International Haridwar Immediate Joining http://t.co/bOpjO50uCe
2015-08-10 18:23:04,JobsinSidcul,http://t.co/vHGVODXr52 BTC Application Form Apply Online 2015 http://t.co/JU9InBG4Is
2015-08-07 07:50:32,JobsinSidcul,SMO Specialist + Content Writer Jobs in Haridwar at Syscomm International http://t.co/q0Ku4tC8dH
2015-08-03 04:32:33,JobsinSidcul,Electrical Engineer and Shift Engineer Jobs in Dehardun Sidcul Uttarakhand http://t.co/GmyIuhPHkB
2015-08-01 12:12:02,JobsinSidcul,SEO Interns Recruitment in Haridwar for http://t.co/m19ICMvHq9 IT/B.Sc CS/M.Sc IT http://t.co/Wh9p0qCPEO
2015-07-31 14:55:03,JobsinSidcul,Foreman &amp; Engineer Jobs in Moradabad for http://t.co/cUh01fIHrF at Catlarry International Pvt Ltd http://t.co/HBD3d9ZHAz
2015-07-24 03:39:04,JobsinSidcul,Bank of Baroda UP Gramin Bank Recruitment 2015 Apply Online 136 Jobs http://t.co/xDPINdGJV8
2015-07-24 03:06:07,JobsinSidcul,UG Bank Recruitment 2015 http://t.co/ubghB7Im6G Apply Online 213 Office Assistant Jobs http://t.co/AidH5VO9EA
2015-07-24 03:06:06,JobsinSidcul,4439 Urdu Teacher Jobs UP Recruitment 2015 Online Application Form http://t.co/wFECDudqR8
2015-07-24 03:06:05,JobsinSidcul,TNPSC Recruitment 2015 http://t.co/oYQ5ksX6VC Apply Online 213 Assistant Engineer Jobs http://t.co/3jN3VQNIss
2015-07-24 02:34:03,JobsinSidcul,APGVB Recruitment 2015 apgvbank.in Apply Online 244 Officer Scale Assistant http://t.co/A7r2XjRr5g
2015-07-24 02:17:04,JobsinSidcul,WCD Rajasthan NTT Recruitment 2015 1148 http://t.co/AJnA3f8Il8 Nursery Teacher Training Recruitment 2015 http://t.co/budHU1Xiuk
2015-07-24 02:17:03,JobsinSidcul,CCRAS Recruitment 2015 Apply 364 Data Entry Operator http://t.co/0Uj01hbpuI RA MTS Jobs http://t.co/2K4JOxQzDE
2015-07-23 15:37:02,JobsinSidcul,"Automobile/mechanical Engineers Jobs in Sidcul Dehradun ,Uttarakhand http://t.co/nnHxKcTLoU"
2015-07-16 15:43:33,JobsinSidcul,Dispatch &amp; Store Officer Jobs in Rudrapur Sidcul at Innovative Tech. Pack Ltd. http://t.co/JYTQzlnfpV
2015-07-16 15:12:34,JobsinSidcul,Relationship Manager or Team Leader Jobs in Dehradun At Skill Ventory hiring for Capital First http://t.co/gtXNG5yXsH
2015-07-16 14:58:04,JobsinSidcul,"Opening for TSM in Dehradun, Uttarakhand at Apna e-vyapaar Multimedia Pvt. Ltd. http://t.co/ZQqDgiaEPT"
2015-07-16 14:58:04,JobsinSidcul,Lab Assistant (physics &amp; Biology ) Jobs in Dehradun at Kasiga School http://t.co/U3tf7NBeQ2
2015-07-16 14:58:03,JobsinSidcul,Loan Manager Jobs in Dehradun Sikka Infrastructure Private Limited http://t.co/Ho6FIZeCkz
2015-07-16 14:58:03,JobsinSidcul,Requirement For Gm-sales in dehradun - at Sikka Infrastructure Private Limited http://t.co/GbhnkXxTHM
2015-07-13 13:41:02,JobsinSidcul,Business Development Executive Jobs in Haridwar at iEmblazon Infosoft is a Haridwar http://t.co/Lc8CTsN241
2015-07-13 13:22:02,JobsinSidcul,"Female Receptionist Jobs in Haridwar , Uttarakhand at Demitsol http://t.co/b7m6JeSktK"
2015-07-13 12:50:34,JobsinSidcul,Production Engineer/ Sr Engineer Jobs in Moradabad at Catlarry International Pvt Ltd http://t.co/Zoo7yGf6uX
2015-07-13 01:55:33,JobsinSidcul,KPD recruitment 2015 warder 320 vacancies Karnatakaprisons.in http://t.co/42Qh6smXtz
2015-07-13 01:23:33,JobsinSidcul,286 HPGCL JE recruitment 2015 junior engineer vacancies http://t.co/y00CH7Gthp http://t.co/NOVSoTxJM8
2015-07-08 06:03:32,JobsinSidcul,Walk in Interview in dehradun females night Shift / Dehradun Business Development Executive http://t.co/zmB6oKSPOJ
2015-07-01 12:19:03,JobsinSidcul,"Online Work From Home Jobs – article writing, freelance content writing jobs http://t.co/Y5ELkD45rF"
2015-06-22 14:42:36,JobsinSidcul,Quality Analyst Chemist Jobs in Haridwar at Natures Essence http://t.co/YcdAYCCKpq
2015-06-22 14:42:35,JobsinSidcul,"Assistant HR Jobs in Dehradun at Fortis Healthcare Limited, Dehradun http://t.co/C9ww4xvOCH"
2015-06-17 15:01:03,JobsinSidcul,Government Vacancy in Uttarakhand NATIONAL INSTITUTE FOR THE VISUALLY HANDICAPPED 2015 http://t.co/7ifCVON6z8
2015-06-17 14:28:39,JobsinSidcul,Tool Room Engineer Jobs in Dehradun Uttarakhand for diploma / automobile / graduate http://t.co/S44ivoLrXG
2015-06-16 14:47:09,JobsinSidcul,Agency Development Manager Jobs in Dehradun at Max Life Insurance http://t.co/VWdojWkUaO
2015-06-15 15:43:05,JobsinSidcul,Godrej Rudrapur Recruitment 2015 Sr. Executive / Asst. Manager http://t.co/WlxI1STisf
2015-06-15 15:12:01,JobsinSidcul,Production Manager Jobs in Roorkee at Pulse Pharmaceuticals Pvt. Ltd. http://t.co/tGaO8StOEs
2015-06-15 14:41:05,JobsinSidcul,Lab Attendant Jobs in Uttarakhand Tourism Development Board http://t.co/AT2aT1FyL1
2015-06-10 15:36:07,JobsinSidcul,Rosmerta Technologies Limited Jobs - State Head http://t.co/nmrjFxafDJ http://t.co/gDbNAM4K33
2015-06-10 15:03:05,JobsinSidcul,Medical Representative MR Jobs in Dehradun http://t.co/Al5NQONOU7 http://t.co/dJ1KkRk4H6
2015-06-10 15:03:04,JobsinSidcul,Junior Business System Analyst Jobs in Dehradun http://t.co/a780a1MQHx http://t.co/ujZQJpr2sC
2015-06-09 05:10:02,JobsinSidcul,Download LIC ADO Syllabus exam Pattern 2015 ADO previous year papers? http://t.co/hzHHHWUw4r
2015-06-08 04:06:05,JobsinSidcul,Fresher Walkin Interview in Dehradun June from Process Associate-Campus http://t.co/FdrHUSgehA
